ID,LAT,LONG,UTM10x_NAD83,UTM10y_NAD83,ELEV_M,CBA,ISO,OG,FTC,TTC,cba_resid_deg1,cba_resid_deg2,outlier_cba,outlier_iso,duplicate
19GY2530,39.03777483,-122.939242,505164.676,4.320956131e6,423.73,-23.449,10.301,979976.201,0.02,1.11,12.527807908233473,14.640846875705048,false,false,false
19GY2500,39.06514617,-122.72186183,523969.249,4.324028584e6,809.56,-39.467,-2.247,979883.455,0.06,4.8,3.697221992886469,8.011801845699452,false,false,false
19GY2501,39.06949467,-122.74473583,521988.952,4.324505335e6,976.93,-39.479,-2.179,979848.357,0.04,7.51,3.0442305862813086,7.8470122113178675,false,false,false
19GY2502,39.08704183,-122.7495655,521565.774,4.326451397e6,983.23,-40.926,-2.846,979848.819,0.03,5.92,1.7273511869621743,6.681623794641581,false,false,false
19GY2503,39.08666367,-122.738421,522529.763,4.326412148e6,985.04,-40.707,-2.647,979848.34,0.05,6.23,2.286307231518144,7.056899713313619,false,false,false
19GY2504,39.01613667,-122.48938767,544112.316,4.318677203e6,450.31,-41.276,-8.926,979948.694,0.03,3.68,8.335515435947329,-2.0795955049429082,false,false,false
19GY2505,38.99885083,-122.55571183,538379.656,4.316728871e6,311.53,-46.485,-13.105,979970.891,0.01,1.87,0.7888756618292803,-4.099893044952559,false,false,false
19GY2506,38.947989,-122.6025325,534349.796,4.311066031e6,483.15,-36.719,-4.479,979943.564,0.01,0.92,8.289799209634154,5.802383963014442,false,false,false
19GY2507,38.99960183,-122.75079433,521486.08,4.31674787e6,429.07,-40.06,-5.37,979953.17,0.04,3.11,1.1593953368501175,5.501794017003462,false,false,false
19GY2508,39.00460883,-122.77281683,519577.659,4.317298504e6,598.14,-41.072,-6.412,979917.864,0.08,4.79,-0.45712413460844914,4.230014391305339,false,false,false
19GY2509,39.002597,-122.79614417,517558.275,4.317070471e6,403.59,-37.553,-3.023,979959.842,0.04,4.19,2.3047944342052205,7.116548696713387,false,false,false
19GY2510,38.963072,-122.743781,522104.801,4.312695876e6,602.85,-43.964,-10.864,979911.057,0.09,4.11,-3.1096192313473594,0.6439186948805471,false,false,false
19GY2511,38.94942317,-122.74824567,521722.17,4.311180207e6,552.41,-46.506,-13.966,979919.242,0.04,2.04,-6.008329886108008,-2.3687576435810556,false,false,false
19GY2512,38.95371667,-122.76268183,520469.95,4.311653294e6,638.69,-49.091,-16.511,979898.923,0.06,3.28,-8.973798211437305,-5.028417247046811,false,false,false
19GY2513,38.969999,-122.79117583,517996.784,4.313454077e6,832.8,-50.23,-17.34,979857.736,0.12,6.79,-10.73874675053468,-6.297932972829933,false,false,false
19GY2514,38.97008383,-122.80785517,516551.819,4.313460311e6,567.05,-46.207,-13.317,979918.045,0.01,2.5,-7.232939516661268,-2.750227819219397,false,false,false
19GY2515,38.94130417,-122.81830633,515652.795,4.31026482e6,504.15,-44.334,-12.754,979930.772,0.0,1.4,-6.145096120380188,-2.0462193156828334,false,false,false
19GY2516,38.90890783,-122.79311867,517843.859,4.30667452e6,729.07,-49.521,-19.181,979877.371,0.07,2.76,-11.066475281073927,-7.520606861231876,false,false,false
19GY2517,38.87975017,-122.76654767,520155.981,4.303444533e6,877.46,-51.801,-22.561,979843.285,0.01,2.95,-12.985263948857295,-10.281678123981429,false,false,false
19GY2518,38.87087983,-122.74795,521771.874,4.302464508e6,878.53,-52.699,-23.689,979841.224,0.02,3.12,-13.445820653983645,-11.274380417544421,false,false,false
19GY2519,38.86822983,-122.72869267,523443.35,4.302175234e6,942.61,-54.271,-25.271,979826.104,0.03,3.89,-14.460405082042392,-12.820958348700714,false,false,false
19GY2520,38.854369,-122.77049233,519820.898,4.300627199e6,692.76,-44.834,-16.684,979884.601,0.0,2.5,-6.5464489206602465,-4.33335136070648,false,false,false
19GY2521,38.8536955,-122.78012367,518985.351,4.300550407e6,713.62,-44.005,-16.015,979880.99,0.04,2.8,-6.028158231562131,-3.7010498113849764,false,false,false
19GY2522,38.87996833,-122.78035217,518958.511,4.30346577e6,876.96,-50.94,-21.85,979843.584,0.1,3.63,-12.550543877395455,-9.65971354108423,false,false,false
19GY2523,38.908488,-122.77151433,519717.184,4.306632402e6,692.45,-52.058,-21.498,979882.571,0.02,2.15,-12.937890166795576,-9.607286885521475,false,false,false
19GY2524,38.90681283,-122.77810083,519146.549,4.306445103e6,742.89,-51.5,-21.1,979873.143,0.02,2.12,-12.611619599505111,-9.23220081146841,false,false,false
19GY2525,38.87209183,-122.72211967,524012.285,4.302605504e6,833.76,-53.888,-24.608,979848.655,0.02,3.37,-13.811095208667268,-12.271839696973444,false,false,false
19GY2526,38.90430467,-122.75292183,521330.518,4.30617239e6,718.86,-54.511,-23.991,979874.001,0.01,2.73,-14.879049876422002,-11.922977272409298,false,false,false
19GY2527,39.02612783,-122.91468117,507291.582,4.319665373e6,406.51,-30.437,3.333,979971.869,0.0,0.79,6.115472046922488,9.153021624308504,false,false,false
19GY2528,39.02601283,-122.93274883,505727.613,4.3196513e6,444.21,-22.604,10.746,979972.062,0.0,1.05,13.385669008867268,15.737332880549118,false,false,false
19GY2529,39.05147033,-122.94140683,504976.335,4.322475798e6,463.9,-23.872,10.448,979969.318,0.01,0.93,12.257374228265938,14.298666449717764,false,false,false
19GY2531,39.04056833,-122.92692233,506230.671,4.32126691e6,418.95,-26.35,7.82,979974.722,0.02,0.87,10.054033708352314,12.68148998434068,false,false,false
19GY2532,39.04006817,-122.96732767,502733.823,4.321209375e6,451.5,-27.998,5.192,979965.797,0.06,1.74,7.143897603287041,7.926236062970691,false,false,false
19GY2533,39.04735333,-122.98705183,501026.674,4.322017381e6,574.4,-29.582,3.368,979939.288,0.12,3.28,5.064820393312559,4.765217520890822,false,false,false
19GY2534,39.03404967,-122.9960365,500249.237,4.320541002e6,750.63,-29.075,2.925,979903.296,0.08,4.13,5.079241555017131,4.237277513946207,false,false,false
19GY2535,39.022126,-122.99579317,500270.359,4.319217837e6,632.37,-28.808,2.722,979926.192,0.18,3.58,5.162178244272965,4.31674781115948,false,false,false
19GY2536,39.04646667,-123.00335283,499616.04,4.321918914e6,847.92,-29.479,2.811,979883.492,0.04,5.59,4.647773032269804,3.356692563603552,false,false,false
19GY2537,39.03711633,-123.01309267,498773.029,4.320881383e6,888.97,-28.653,2.947,979874.757,0.07,6.29,5.021241720283619,3.0992839258193463,false,false,false
19GY2538,39.04948,-123.02373067,497852.68,4.322253566e6,914.73,-28.901,2.949,979871.92,0.06,4.93,4.641984420078035,1.9922590734698353,false,false,false
19GY2539,39.04878317,-123.04231667,496244.326,4.322176822e6,895.25,-27.779,3.521,979877.404,0.05,4.32,5.176190267090387,1.1763787712315832,false,false,false
19GY2540,39.0529365,-123.05456467,495184.726,4.322638282e6,1036.53,-28.005,3.035,979846.286,0.04,7.92,4.637102340567818,-0.32011157883133734,false,false,false
19GY2541,39.05287133,-123.0716425,493706.982,4.322632076e6,997.49,-27.602,2.948,979854.117,0.08,8.13,4.509354875492644,-1.8510762317613008,false,false,false
19GY2542,39.05267133,-123.08600217,492464.423,4.322610959e6,762.89,-27.608,2.632,979902.871,0.06,5.27,4.054773963208024,-3.555480236740081,false,false,false
19GY2543,39.06738017,-123.078114,493148.388,4.324242588e6,886.72,-29.064,1.976,979879.064,0.05,4.69,3.0803233633087928,-3.8853231835485147,false,false,false
19GY2544,39.0694385,-123.09205183,491942.83,4.32447213e6,986.58,-27.746,2.874,979856.706,0.03,9.0,3.9993126961309855,-4.221909266950945,false,false,false
19GY2545,39.08329067,-123.08948533,492166.37,4.326009093e6,861.09,-29.766,1.604,979884.316,0.1,5.16,2.2820649461435423,-5.775664647362962,false,false,false
19GY2546,39.09890617,-123.08372067,492666.567,4.327741484e6,722.22,-30.959,1.361,979914.24,0.02,2.6,1.5193174548938622,-6.114574101758251,false,false,false
19GY2547,39.12766517,-123.12836267,488810.726,4.330937417e6,328.05,-32.54,-0.32,979989.237,0.08,5.64,-0.9813301180633829,-13.20274655387653,false,false,false
19GY2548,39.11241317,-123.10632333,490713.789,4.329242417e6,526.97,-30.698,1.542,979950.844,0.07,5.64,1.2975273950623567,-8.555076712807292,false,false,false
19GY2549,39.10565817,-123.06444283,494334.12,4.328489402e6,767.73,-31.964,1.236,979904.829,0.02,2.7,1.2205450340039263,-4.7841902056957935,false,false,false
19GY2550,39.16106917,-122.89699833,508805.275,4.334641531e6,409.08,-44.671,-4.041,979967.997,0.02,1.87,-5.406762562972922,-1.9708118278661004,false,false,false
19GY2551,39.1508005,-122.90138817,508427.242,4.333501573e6,403.26,-44.701,-4.681,979968.575,0.0,1.49,-5.737409612355442,-2.38219058477285,false,false,false
19GY2552,39.15681567,-122.924089,506465.102,4.334167203e6,406.87,-44.767,-4.937,979968.276,0.03,1.55,-6.410535056960882,-3.961372607213299,false,false,false
19GY2553,39.14343183,-122.91415933,507324.458,4.332682735e6,416.99,-43.473,-4.093,979966.597,0.04,1.36,-5.02340940535413,-2.0873790426650913,false,false,false
19GY2554,39.12971817,-122.90662133,507977.451,4.331161549e6,412.67,-41.201,-2.361,979968.559,0.03,1.3,-2.7375936418056597,0.5494006993157896,false,false,false
19GY2555,39.09721533,-122.91308617,507422.108,4.327554109e6,452.4,-35.235,1.855,979964.141,0.03,1.04,2.5068139930655846,5.669147178380186,false,false,false
19GY2556,39.07171767,-122.91372283,507369.739,4.324724561e6,405.09,-30.58,5.31,979975.987,0.01,0.84,6.733227822369919,9.897232789051927,false,false,false
19GY2557,39.11501233,-122.94333667,504804.947,4.329526997e6,473.96,-34.168,3.092,979962.319,0.04,1.29,2.9211620171860275,4.7682329625786295,false,false,false
19GY2558,39.10761717,-122.954728,503820.532,4.328705794e6,430.16,-30.39,6.28,979973.565,0.04,1.73,6.227261183887215,7.556575623491405,false,false,false
19GY2559,39.09585167,-122.96026433,503342.416,4.327399939e6,428.99,-26.598,9.362,979977.054,0.04,1.22,9.658701939090811,10.751164751891729,false,false,false
19GY2560,39.08531967,-122.96334433,503076.538,4.326231081e6,429.7,-23.835,11.555,979978.455,0.03,1.51,12.157082687339226,13.120508358123736,false,false,false
19GY2561,39.06727083,-122.96703417,502758.13,4.324228068e6,467.79,-22.829,11.591,979970.358,0.06,1.57,12.758816328554843,13.560438278420463,false,false,false
19GY2562,39.063369,-122.97709383,501887.956,4.323794813e6,541.28,-27.458,6.492,979951.116,0.05,1.47,7.755064169306685,8.016128578179867,false,false,false
19GY2563,39.07757117,-122.95901283,503451.557,4.325371385e6,431.45,-22.794,12.336,979978.769,0.02,1.21,13.208035140012651,14.408964587505654,false,false,false
19GY2564,39.14173133,-123.001948,499737.837,4.332490521e6,416.76,-32.336,4.684,979973.299,0.07,5.69,3.36555078982002,1.7587330972917172,false,false,false
19GY2565,39.17520733,-123.01706767,498431.877,4.336205564e6,420.78,-38.234,-0.064,979969.39,0.02,5.88,-2.462647117983188,-5.434650007998165,false,false,false
19GY2566,39.185956,-123.02670233,497599.984,4.337398573e6,419.5,-39.887,-1.497,979969.608,0.02,5.21,-4.241138439910877,-8.044793039227972,false,false,false
19GY2567,39.20752317,-123.06089133,494648.788,4.339793372e6,323.68,-39.333,-1.043,979988.91,0.04,7.1,-4.398453241520109,-11.242337772706858,false,false,false
19GY2568,39.16945067,-123.00558133,499424.03,4.335566609e6,415.92,-38.758,-0.518,979970.495,0.0,4.69,-2.7234494329141796,-4.8355765405319815,false,false,false
19GY2569,39.19116133,-122.99280183,500527.825,4.337975908e6,510.2,-43.564,-3.904,979950.641,0.1,3.23,-6.784737470696854,-8.306483100576315,false,false,false
19GY2570,39.20584033,-122.98559367,501150.067,4.339604955e6,441.06,-43.886,-3.226,979964.406,0.06,3.96,-6.647692955802519,-7.90188728011929,false,false,false
19GY2571,39.18626633,-122.95555467,503744.782,4.337433613e6,414.43,-44.786,-4.246,979968.558,0.02,2.38,-6.931831539659413,-6.230395681817399,false,false,false
19GY2572,39.170681,-122.93477533,505540.668,4.335705153e6,411.47,-45.321,-5.051,979967.561,0.02,2.04,-7.073248674893584,-5.202817965169622,false,false,false
19GY2573,39.17651967,-122.91043283,507642.874,4.336354879e6,414.81,-46.142,-5.012,979966.555,0.01,2.09,-7.046396570708033,-4.21180682112238,false,false,false
19GY2574,39.19197867,-122.90709133,507929.751,4.338070697e6,423.44,-45.547,-3.567,979965.612,0.06,3.31,-6.100030758008238,-3.2835692557532923,false,false,false
19GY2575,39.1971955,-122.89603,508884.34,4.338650661e6,424.08,-44.4,-1.91,979965.226,0.02,5.18,-4.526763238855011,-1.3668517542675005,false,false,false
19GY2576,39.171333,-122.88956183,509446.383,4.335781289e6,416.47,-44.512,-3.232,979967.191,0.01,2.3,-4.852818310959968,-1.251464328607483,false,false,false
19GY2577,39.061582,-123.02919217,497380.506,4.323596665e6,766.55,-29.71,2.6,979903.492,0.03,2.62,3.8582090412671874,0.8019004138851749,false,false,false
19GY2578,39.07504583,-123.024139,497818.099,4.325090624e6,778.75,-30.543,2.517,979900.464,0.12,3.62,3.398482149221273,0.665335898895929,false,false,false
19GY2579,39.13347667,-122.88751367,509628.521,4.331580508e6,402.05,-43.876,-4.466,979968.143,0.0,1.45,-4.759919876780323,-0.867045589645862,false,false,false
19GY2580,39.141767,-122.86021133,511986.881,4.332503781e6,518.32,-37.839,2.351,979949.744,0.05,3.89,2.256395218812159,6.8104553036895865,false,false,false
19GY2581,39.15696917,-122.8704125,511102.875,4.334189489e6,639.32,-40.556,0.144,979923.821,0.13,4.78,-0.5334227542485479,3.7057449693121143,false,false,false
19GY2582,39.15094733,-122.86317283,511729.409,4.333522151e6,779.92,-39.398,1.002,979891.509,0.14,10.21,0.7525705987769769,5.197628002958098,false,false,false
19GY2583,39.14879217,-122.87444583,510755.64,4.33328158e6,504.22,-41.77,-1.42,979950.102,0.1,2.98,-2.0034189827915085,2.1788347533467203,false,false,false
19GY2584,39.21847433,-122.93439533,505569.657,4.341008942e6,441.65,-46.371,-3.651,979962.245,0.02,4.64,-7.344696147269069,-5.978852553637864,false,false,false
19GY2585,39.22227933,-122.96009283,503351.076,4.341429904e6,854.03,-46.066,-4.156,979880.827,0.09,6.04,-7.774204884030574,-7.761903199805914,false,false,false
19GY2586,39.20782717,-122.94707667,504475.602,4.339826676e6,771.91,-46.282,-4.692,979895.651,0.04,5.79,-7.819202146342761,-6.9329211993982085,false,false,false
19GY2587,39.23694833,-122.94422667,504719.682,4.343058499e6,446.54,-45.784,-2.354,979962.523,0.01,5.63,-6.765615239936615,-6.132029323822039,false,false,false
19GY2588,39.17345483,-122.87339733,510842.425,4.336018578e6,429.75,-43.847,-2.197,979964.537,0.0,3.21,-3.652897076234666,0.39958561713304164,false,false,false
19GY2589,39.15989433,-122.86462767,511602.215,4.334514831e6,436.92,-41.124,-0.024,979962.958,0.02,4.91,-0.875263267958772,3.486230553423539,false,false,false
19GY2590,39.08655167,-122.90130667,508442.033,4.326371793e6,406.01,-34.379,2.471,979973.072,0.01,1.09,3.5572733260450065,7.142828396936274,false,false,false
19GY2591,39.07022617,-122.78142933,518814.419,4.324578238e6,405.78,-37.741,-0.121,979966.249,0.03,3.15,3.654552892099069,8.86091052130768,false,false,false
19GY2592,39.02766483,-122.66306817,529071.19,4.319886469e6,409.69,-38.651,-2.941,979961.829,0.02,2.13,5.742624248031433,7.755846752707079,false,false,false
19GY2593,39.01915283,-122.67042783,528437.553,4.318939559e6,404.43,-37.604,-2.184,979964.011,0.02,1.27,6.425289305488839,8.65299933697058,false,false,false
19GY2594,39.03821167,-122.74442767,522025.368,4.321033922e6,415.0,-36.848,-0.498,979962.008,0.04,3.65,5.185515887354427,9.780089625489992,false,false,false
19GY2595,39.12090983,-122.77518933,519340.316,4.330203979e6,1080.97,-43.085,-3.595,979828.37,0.08,8.07,-0.6860980739238727,4.585203938895241,false,false,false
19GY2596,39.10405417,-122.75953833,520698.246,4.328336947e6,962.81,-41.928,-3.088,979853.541,0.05,5.7,0.6873849598343398,5.81441479742562,false,false,false
19GY2597,39.13447867,-122.77565267,519296.541,4.331709639e6,1193.61,-43.643,-3.593,979807.07,0.03,7.95,-1.0417259316552219,4.222536496365265,false,false,false
19GY2598,39.15136767,-122.770871,519705.09,4.333584878e6,1326.51,-43.995,-3.245,979778.873,0.03,11.25,-0.9756450682076547,4.229139606134218,false,false,false
19GY2599,39.163063,-122.78261217,518687.432,4.334880241e6,1269.13,-44.902,-3.582,979792.906,0.03,8.59,-2.059918738031797,3.155001088540473,false,false,false
19GY2600,39.142754,-122.75072017,521448.94,4.33263359e6,1070.97,-42.902,-2.362,979832.836,0.12,7.68,0.6048395520029857,5.63759208823911,false,false,false
19GY2601,39.17711867,-122.72781883,523416.635,4.336452809e6,643.7,-47.45,-5.08,979917.834,0.0,4.8,-2.684493523446001,1.9072044527889815,false,false,false
19GY2602,39.18564067,-122.71151117,524822.251,4.337402874e6,632.71,-46.72,-4.13,979921.669,0.01,4.6,-1.3129067232466554,2.903109630502442,false,false,false
19GY2603,39.20059283,-122.72720717,523461.632,4.339057967e6,668.85,-49.462,-6.062,979912.692,0.06,5.09,-4.303049456978378,0.17160914043135733,false,false,false
19GY2604,39.2097565,-122.74421483,521990.163,4.340070608e6,809.64,-49.162,-5.332,979887.498,0.04,3.85,-4.383985340979763,0.2972389838535605,false,false,false
19GY2605,39.23041383,-122.77723533,519133.6,4.342355499e6,763.15,-52.584,-7.614,979894.964,0.02,3.89,-8.499287451811256,-3.7468373751529214,false,false,false
19GY2606,39.22132367,-122.76350917,520320.976,4.341349733e6,712.26,-50.937,-6.397,979905.642,0.06,4.01,-6.572218070790555,-1.794819907130858,false,false,false
19GY2607,39.1755185,-122.69416517,526324.173,4.336284496e6,636.03,-47.154,-5.214,979919.889,0.04,4.4,-1.3703659462839681,2.4189652774746904,false,false,false
19GY2608,39.16692483,-122.67976067,527571.802,4.335335127e6,611.13,-47.438,-6.068,979921.404,0.05,6.71,-1.3445246171320093,2.00507063899731,false,false,false
19GY2609,39.16023283,-122.66343133,528985.259,4.334597604e6,568.24,-48.274,-7.404,979926.123,0.09,8.95,-1.7805431796306408,0.9759095564612679,false,false,false
19GY2610,39.16517133,-122.62684083,532144.383,4.335158008e6,485.92,-49.443,-9.093,979943.838,0.08,6.6,-1.7356672897093048,-0.619663441599144,false,false,false
19GY2611,39.1579845,-122.59357217,535022.132,4.334372815e6,455.79,-51.366,-12.126,979947.778,0.03,5.99,-2.7405646035193385,-3.488838674407141,false,false,false
19GY2612,39.16850317,-122.53264883,540280.005,4.33556545e6,457.06,-54.41,-16.88,979948.637,0.05,2.77,-3.7266099611292702,-8.73211048541281,false,false,false
19GY2613,39.16586967,-122.49481833,543549.774,4.33529072e6,588.41,-53.151,-17.231,979924.33,0.05,2.42,-1.335016183144944,-9.587215780982866,false,false,false
19GY2614,39.14453733,-122.4747345,545298.567,4.332933259e6,722.94,-53.301,-18.691,979895.187,0.04,3.21,-1.1994181087083433,-11.481117614793703,false,false,false
19GY2615,39.11730983,-122.49667967,543418.851,4.329901007e6,979.14,-47.95,-13.27,979842.926,0.07,8.27,3.0384380641527997,-5.362150011467087,false,false,false
19GY2616,39.00676083,-122.60571267,534045.978,4.317586701e6,492.76,-36.095,-1.805,979946.957,0.03,1.47,9.749266321497267,8.475294679838832,false,false,false
19GY2617,39.00046717,-122.64916417,530286.364,4.316872897e6,629.91,-38.453,-4.033,979914.332,0.05,4.36,5.939866077877603,6.9741869816284705,false,false,false
19GY2618,38.992187,-122.63254317,531729.351,4.315959728e6,460.44,-31.16,2.95,979956.441,0.05,1.95,13.617996403091933,13.68093784331504,false,false,false
19GY2619,38.990807,-122.60959083,533717.774,4.315814862e6,470.41,-37.871,-4.061,979948.709,0.03,0.9,7.5989689799677365,6.319625093859152,false,false,false
19GY2620,38.885268,-122.46748383,546093.5,4.304165677e6,728.95,-35.017,-6.667,979890.249,0.02,2.32,13.203140123309993,-2.5404597054168434,false,false,false
19GY2621,38.88693133,-122.4990585,543353.871,4.304334748e6,624.45,-35.031,-6.101,979910.533,0.05,2.61,12.231326501452173,-0.1838375332107418,false,false,false
19GY2622,38.91046083,-122.62194117,532685.147,4.306894438e6,429.28,-36.408,-5.318,979951.058,0.02,0.95,7.399755114798879,5.328741407919921,false,false,false
19GY2623,38.91075267,-122.61079183,533651.697,4.306930889e6,415.7,-36.148,-5.108,979953.989,0.02,0.96,8.011593195615902,5.261584295223855,false,false,false
19GY2624,38.92499483,-122.59530267,534987.646,4.308517159e6,421.21,-37.502,-6.082,979952.967,0.01,0.81,7.366343579358698,3.9208188375982473,false,false,false
19GY4001,38.98518317,-122.67533433,528026.235,4.315168434e6,411.27,-33.512,0.638,979963.442,0.05,1.59,9.823630619287279,11.810388627945741,false,false,false
19GY4002,38.99900367,-122.671858,528321.802,4.316703166e6,405.32,-37.567,-2.887,979961.362,0.03,2.0,6.096885201802607,8.13219916607676,false,false,false
19GY4003,39.0100225,-122.64857567,530333.232,4.317933446e6,434.44,-38.559,-3.659,979955.973,0.03,1.68,6.004272160694761,7.138930434609009,false,false,false
19GY4004,39.02076783,-122.64783567,530392.689,4.319126102e6,411.86,-39.464,-4.164,979960.312,0.0,1.8,5.293325382620765,6.528024736234485,false,false,false
19GY4005,39.01298267,-122.62911483,532016.858,4.318268621e6,482.75,-39.086,-4.286,979946.483,0.0,1.46,6.129484351593604,6.303256017254768,false,false,false
19GY4006,39.02618983,-122.63396283,531591.229,4.319732521e6,629.61,-39.56,-4.33,979917.33,0.07,2.59,5.714893645950696,6.316575074523385,false,false,false
19GY4007,39.017848,-122.59800117,534708.255,4.318819964e6,492.02,-39.388,-4.838,979944.219,0.02,2.04,6.872343286618218,5.271963937407094,false,false,false
19GY4008,39.0409705,-122.58490467,535830.35,4.321390965e6,465.12,-47.647,-12.507,979944.065,0.0,1.24,-0.6119636158680564,-2.767192309628996,false,false,false
19GY4009,39.05476417,-122.59199733,535209.652,4.322918881e6,342.12,-45.531,-9.731,979970.053,0.02,2.63,1.5027747893665975,-0.023035092636291665,false,false,false
19GY4010,39.04297217,-122.57508517,536679.138,4.321617016e6,335.14,-48.467,-13.367,979966.528,0.2,3.54,-1.0948892309654852,-3.900920626275642,false,false,false
19GY4011,39.07644,-122.58181083,536080.003,4.325328274e6,375.22,-46.027,-9.737,979964.467,0.02,3.17,1.6677984625190518,-0.30791436062682465,false,false,false
19GY4012,39.08409017,-122.60432983,534128.383,4.326168502e6,376.51,-44.187,-7.167,979966.002,0.03,3.9,2.9297323693207176,2.4526926481969724,false,false,false
19GY4013,39.09248383,-122.57851233,536357.071,4.327109998e6,665.81,-46.993,-10.423,979908.593,0.03,2.68,1.0591925336976686,-0.9973650538901069,false,false,false
19GY4014,38.864904,-122.6585575,529529.294,4.301826594e6,686.77,-41.807,-12.547,979889.971,0.04,2.26,0.13523042822372844,-1.0149360522838293,false,false,false
19GY4015,38.870846,-122.64804967,530438.401,4.302489422e6,697.63,-41.204,-11.714,979888.955,0.03,2.28,1.1601916279030249,-0.37941580611941106,false,false,false
19GY4016,38.88198633,-122.64321,530853.419,4.303727263e6,621.96,-39.71,-9.73,979906.644,0.05,1.87,2.9822763295010546,1.4579600169060853,false,false,false
19GY4017,38.89189517,-122.638052,531296.454,4.304828583e6,523.5,-38.014,-7.604,979928.551,0.05,1.79,4.996633981671337,3.426572567595997,false,false,false
19GY4018,38.9031805,-122.63808033,531289.029,4.30608088e6,441.17,-36.228,-5.328,979947.481,0.02,1.74,6.961344429152028,5.652294349072605,false,false,false
19GY4019,38.89453167,-122.65565283,529768.898,4.305115242e6,486.22,-38.595,-8.015,979934.732,0.05,2.55,3.90944253344923,3.323961712787714,false,false,false
19GY4020,38.88906133,-122.66437067,529015.094,4.304505395e6,514.59,-39.433,-9.063,979927.413,0.04,3.0,2.712838940055825,2.4245439188023,false,false,false
19GY4021,38.8561435,-122.67196167,528369.855,4.300850206e6,659.09,-43.079,-14.179,979892.96,0.05,2.64,-1.6939014343191445,-2.4263937347532476,false,false,false
19GY4022,38.85088133,-122.68680767,527083.677,4.300261758e6,581.51,-44.217,-15.517,979904.32,0.15,4.85,-3.3782897355254775,-3.5992083884804416,false,false,false
19GY4023,38.84866817,-122.66473867,528999.637,4.300022969e6,470.81,-40.7,-11.98,979928.867,0.15,5.27,0.7910980023552483,-0.47449576357431056,false,false,false
19GY4024,38.84063633,-122.65390417,529943.217,4.29913521e6,430.38,-39.544,-11.134,979936.567,0.06,5.92,2.1568449374922807,0.1333442217316616,false,false,false
19GY4025,38.83233467,-122.64576433,530653.232,4.298216712e6,395.03,-37.185,-9.115,979945.742,0.04,5.28,4.637394593181014,1.9492177827351256,false,false,false
19GY4026,38.8225295,-122.62802017,532197.828,4.297134788e6,355.98,-34.096,-6.416,979957.587,0.06,3.29,8.123515940983545,4.128876755990191,false,false,false
19GY4027,38.81382767,-122.61930883,532958.086,4.296172294e6,328.56,-32.225,-4.925,979964.399,0.03,2.94,10.127708314849421,5.329947640038625,false,false,false
19GY4028,38.7972105,-122.61384067,533440.625,4.294330345e6,317.59,-28.434,-1.854,979969.415,0.02,2.39,13.82495063803935,8.150457154111972,false,false,false
19GY4029,38.78685333,-122.610484,533737.018,4.293182291e6,323.63,-24.638,1.472,979971.746,0.01,1.76,17.560948080359726,11.323989497775099,false,false,false
19GY4030,38.77866433,-122.63784767,531363.977,4.292263829e6,389.87,-25.347,0.313,979955.858,0.05,3.27,15.868065864011712,11.082120682779298,false,false,false
19GY4031,38.80397817,-122.67226967,528363.891,4.295061518e6,831.81,-38.923,-12.463,979855.493,0.04,5.86,1.6215728070993478,-0.5418816770348442,false,false,false
19GY4032,38.80238483,-122.65605883,529772.191,4.294889882e6,777.2,-35.825,-9.355,979868.418,0.25,6.58,5.199663744896078,2.18094597221031,false,false,false
19GY4033,38.78929133,-122.64151433,531040.856,4.293441804e6,703.71,-30.051,-4.101,979886.143,0.35,7.85,11.218818552255708,6.992352440250965,false,false,false
19GY4034,38.79710817,-122.64811567,530464.187,4.294306978e6,808.27,-33.622,-7.392,979859.564,0.4,11.09,7.566357400661651,3.958225160038644,false,false,false
19GY4035,38.77144617,-122.61604683,533261.04,4.291470585e6,395.84,-22.139,3.211,979958.982,0.05,1.55,19.64137520210166,13.252980023156457,false,false,false
19GY4036,38.75243717,-122.61348367,533492.618,4.289362187e6,335.52,-22.682,1.818,979968.95,0.0,1.15,18.876044514075385,11.646862878610488,false,false,false
19GY4037,38.82698867,-122.58134233,536247.689,4.297647134e6,362.85,-29.578,-1.848,979962.206,0.06,2.24,14.167807370829738,7.143894890503457,false,false,false
19GY4038,38.84887733,-122.61057967,533699.385,4.300064823e6,469.65,-34.568,-5.908,979938.984,0.02,1.53,8.614265662096486,4.282898714258387,false,false,false
19GY4039,38.85778733,-122.62617883,532341.667,4.301047881e6,460.22,-36.257,-7.187,979939.266,0.04,2.19,6.580830905067771,3.4699462003681347,false,false,false
19GY4040,38.8680745,-122.62164583,532730.254,4.302191038e6,451.67,-36.265,-6.795,979942.018,0.01,2.01,6.877725433954161,3.763483685659324,false,false,false
19GY4041,38.88963033,-122.60282867,534352.333,4.304589965e6,422.06,-35.12,-4.91,979951.876,0.01,0.99,8.951767163499895,5.18474354667493,false,false,false
19GY4042,38.87845517,-122.60570833,534107.94,4.303348803e6,431.73,-35.076,-5.266,979948.952,0.0,1.08,8.728379475694872,4.870354796269936,false,false,false
19GY4043,38.87008133,-122.60259517,534382.028,4.302420751e6,523.69,-34.787,-5.357,979929.963,0.04,1.64,8.98124274018847,4.698611991685482,false,false,false
19GY4044,38.86079817,-122.5706765,537155.906,4.301403162e6,509.32,-32.158,-3.288,979934.961,0.02,1.26,12.457443850303058,5.61730615933736,false,false,false
19GY4045,38.75541217,-122.62551967,532445.392,4.28968796e6,335.52,-21.725,2.885,979970.0,0.0,1.32,19.50474149304702,13.168124526994262,false,false,false
19GY4046,38.743885,-122.63162283,531920.225,4.288406697e6,341.31,-21.182,2.848,979968.104,0.01,1.61,19.673873708854995,13.305659952784492,false,false,false
19GY4047,38.74242467,-122.647537,530537.814,4.288239208e6,368.45,-21.657,2.193,979961.225,0.01,2.58,18.678949176413862,13.20224502274014,false,false,false
19GY4048,38.73411117,-122.64911533,530404.181,4.287316177e6,360.58,-21.703,1.717,979961.164,0.01,3.4,18.451350304952204,12.762849948020158,false,false,false
19GY4049,38.7303675,-122.65813667,529621.618,4.286897797e6,371.37,-22.462,0.698,979957.415,0.02,3.95,17.35116565505854,12.024088632937048,false,false,false
19GY4050,38.73769917,-122.67122933,528480.654,4.287707184e6,521.75,-24.252,-0.902,979926.605,0.05,4.22,15.269295440952224,10.884135607886659,false,false,false
19GY4051,38.76661867,-122.65218867,530123.347,4.290922346e6,351.12,-24.126,0.904,979964.14,0.02,2.72,16.449945329844542,12.074921422164433,false,false,false
19GY4052,38.77535667,-122.68773533,527031.807,4.29188082e6,401.39,-30.455,-5.235,979946.847,0.03,4.63,9.151284006966748,6.802635206775477,false,false,false
19GY4053,38.77471133,-122.70416967,525604.427,4.291804465e6,459.67,-33.95,-8.93,979930.413,0.04,6.12,5.133434853196874,3.4325524787055812,false,false,false
19GY4054,38.77493867,-122.67275783,528333.033,4.291838984e6,380.28,-28.596,-3.286,979952.935,0.02,4.49,11.470782502206479,8.425917272940449,false,false,false
19GY4055,38.82537017,-122.69524033,526361.368,4.297428402e6,1002.64,-45.627,-18.397,979817.829,0.02,5.27,-5.457636012235476,-6.013390755271551,false,false,false
19GY4056,38.83448383,-122.70215367,525757.947,4.298437731e6,1001.85,-47.321,-19.701,979817.035,0.03,5.33,-7.221810898024302,-7.268518226981207,false,false,false
19GY4057,38.8418725,-122.70322183,525662.572,4.299257323e6,913.26,-47.011,-19.021,979836.001,0.03,4.67,-6.827304670338414,-6.642060542068073,false,false,false
19GY4058,38.84053267,-122.686221,527138.531,4.299113578e6,777.59,-44.496,-16.386,979865.32,0.05,4.3,-3.8039149268810704,-4.317610247649483,false,false,false
19GY4059,38.8302025,-122.66974333,528572.746,4.297972317e6,846.89,-42.743,-15.073,979851.749,0.02,5.15,-1.7019648473582336,-3.2282962986606023,false,false,false
19GY4060,38.9127105,-122.68180683,527493.712,4.30712427e6,597.41,-43.655,-12.405,979909.727,0.05,2.36,-1.6753592610624253,-0.683962261581712,false,false,false
19GY4061,38.9178655,-122.70525917,525458.528,4.307689478e6,573.08,-46.666,-15.236,979912.49,0.01,1.8,-5.334219126870238,-3.368163345035299,false,false,false
19GY4062,38.91491533,-122.71584183,524542.09,4.307359192e6,601.48,-47.622,-16.362,979905.869,0.01,1.65,-6.666646145879909,-4.420183122529707,false,false,false
19GY4063,38.9237205,-122.73131117,523198.051,4.308332218e6,591.81,-46.866,-15.296,979909.444,0.01,1.5,-6.251629219598939,-3.413427110200871,false,false,false
19GY4064,38.94860667,-122.72671833,523587.914,4.311094974e6,608.2,-43.206,-10.606,979911.749,0.03,1.85,-2.051707389833709,1.0916723894276785,false,false,false
19GY4065,38.95178517,-122.71292733,524781.89,4.311451362e6,559.9,-39.137,-6.357,979925.894,0.02,1.5,2.4970119466507157,5.30603803822509,false,false,false
19GY4066,38.955302,-122.70459933,525502.272,4.311843925e6,557.72,-38.763,-5.833,979926.006,0.05,2.5,3.1861623224568874,5.79110797327607,false,false,false
19GY4067,38.96982967,-122.61239733,533484.621,4.313485984e6,434.86,-33.339,-0.209,979957.966,0.01,1.27,11.710075320036061,10.250413909183166,false,false,false
19GY4068,38.97652317,-122.62528333,532365.234,4.314224086e6,426.25,-27.141,6.339,979966.829,0.01,0.88,17.613617240519922,17.02636725201358,false,false,false
19GY4069,38.96525033,-122.85142183,512778.483,4.312916886e6,435.31,-37.784,-5.604,979953.418,0.0,0.88,-0.24158348209802938,3.885937388745333,false,false,false
19GY4070,38.9505595,-122.87069267,511111.237,4.311284122e6,474.7,-36.815,-5.635,979945.337,0.02,0.93,-0.10685501551962773,3.5383889536788686,false,false,false
19GY4071,38.93919233,-122.8656945,511546.209,4.310023355e6,479.98,-34.973,-4.213,979945.062,0.01,1.01,1.7085058069437196,5.306812299843905,false,false,false
19GY4072,38.92283167,-122.84790517,513091.009,4.308210269e6,457.06,-40.559,-10.229,979941.67,0.02,1.85,-3.586195366937602,0.043314478417386226,false,false,false
19GY4073,38.91755467,-122.8526565,512680.07,4.307624016e6,460.65,-38.93,-8.91,979942.391,0.01,1.59,-2.189446729810122,1.3051042903837669,false,false,false
19GY4074,38.9142295,-122.857738,512240.107,4.30725433e6,468.79,-37.764,-7.994,979941.652,0.01,1.61,-1.2347388819674379,2.1418159852121974,false,false,false
19GY4075,38.91001767,-122.85755467,512256.731,4.306786979e6,465.68,-36.653,-7.073,979942.739,0.01,1.87,-0.1854656945351678,3.129394600949162,false,false,false
19GY4076,38.90511233,-122.86827583,511327.952,4.306241249e6,545.28,-35.658,-6.538,979927.407,0.05,2.2,0.3974792026333205,3.469328529173964,false,false,false
19GY4077,38.89073167,-122.87556717,510697.898,4.304644579e6,680.25,-35.705,-7.485,979898.711,0.06,3.18,-0.10667709732592101,2.602112374610961,false,false,false
19GY4078,38.89728183,-122.87976883,510332.542,4.305370943e6,540.18,-35.178,-6.648,979926.932,0.14,3.46,0.3945243993727914,3.1263824494950754,false,false,false
19GY4079,38.89712033,-122.86952417,511220.977,4.305354243e6,685.62,-36.732,-8.092,979896.858,0.05,3.52,-0.8433438059427303,2.080090000499098,false,false,false
19GY4080,38.891085,-122.862916,511795.04,4.304685359e6,699.08,-37.267,-8.797,979892.697,0.18,3.98,-1.2693879654767173,1.6614034060916367,false,false,false
19GY4081,38.92495983,-122.88039217,510274.459,4.30844223e6,452.69,-31.138,-1.288,979952.354,0.04,1.63,4.8585192885723565,7.984236638824033,false,false,false
19GY4082,38.96873033,-122.90761633,507909.594,4.313296619e6,451.86,-22.854,8.436,979964.99,0.01,1.31,12.997662244049408,15.8974518966211,false,false,false
19GY4083,38.98733783,-122.99361667,500459.043,4.315357431e6,671.35,-27.948,2.052,979915.681,0.52,4.25,5.530720959767308,4.691572058847697,false,false,false
19GY4084,38.97446717,-123.01344417,498741.581,4.313929256e6,459.99,-25.781,3.249,979956.371,0.58,5.92,6.875075397003833,4.745708538620175,false,false,false
19GY4085,38.97048517,-123.03092683,497226.99,4.313487748e6,260.05,-24.987,3.493,979998.009,0.01,3.8,7.062070685987155,3.735555036926211,false,false,false
19GY4086,38.96136633,-123.02689533,497575.941,4.312475733e6,287.18,-24.362,3.808,979993.346,0.03,2.98,7.665615727232055,4.5640222355374895,false,false,false
19GY4087,38.95535117,-123.01810233,498337.645,4.311808053e6,353.28,-23.684,4.396,979980.726,0.04,2.83,8.520025073768519,5.966524945786592,false,false,false
19GY4088,38.96684167,-123.04082667,496369.185,4.313083772e6,249.41,-27.906,0.144,979998.436,0.0,2.21,3.7769939977975184,-0.27627471505719114,false,false,false
19GY4089,38.97359867,-123.03714017,496688.869,4.31383345e6,263.63,-27.28,1.17,979995.742,0.02,3.35,4.626194834845261,0.8754223684050437,false,false,false
19GY4090,38.97643867,-123.04862467,495694.176,4.314149069e6,239.0,-29.246,-0.966,979999.749,0.0,2.44,2.3492570220390583,-2.2350817848989557,false,false,false
19GY4091,38.97795217,-123.05824117,494861.275,4.314317509e6,213.59,-28.783,-0.683,980005.21,0.22,2.54,2.53801388566157,-2.781411790033328,false,false,false
19GY4092,38.97639033,-123.06970067,493868.508,4.314144891e6,174.34,-30.218,-2.488,980011.434,0.01,2.41,0.7220542958303717,-5.525047746914559,false,false,false
19GY4093,38.97343,-123.084107,492620.286,4.31381744e6,162.78,-30.765,-3.595,980013.523,0.01,1.77,-0.3199240693603258,-7.794154011924608,false,false,false
19GY4094,38.97709517,-123.09834483,491387.351,4.314225395e6,151.11,-27.815,-0.885,980019.147,0.01,1.7,2.2470890892245663,-6.479999276017104,false,false,false
19GY4095,38.97240817,-123.10190467,491078.408,4.313705623e6,148.45,-24.451,2.149,980022.696,0.01,1.62,5.425037212793768,-3.6434572908388887,false,false,false
19GY4096,38.97150633,-123.12796883,488820.386,4.313608396e6,157.78,-19.659,6.121,980025.096,0.06,2.11,9.393336453903249,-2.185403994323586,false,false,false
19GY4097,38.96203067,-123.14939817,486962.261,4.312559721e6,174.4,-20.701,4.019,980018.309,0.0,3.77,7.5332195868353615,-6.29069430648013,false,false,false
19GY4098,38.93413367,-122.9332235,505693.999,4.309455551e6,483.07,-26.593,2.557,979948.341,0.5,5.06,7.907945748213027,9.565570558833077,false,false,false
19GY4099,38.94432233,-122.96946567,502552.352,4.31058449e6,671.08,-24.599,4.051,979917.108,0.05,2.42,8.939007230494699,9.101764608072163,false,false,false
19GY4100,38.93684033,-122.98470833,501231.532,4.309753895e6,684.59,-23.951,3.959,979913.382,0.45,3.49,8.993127319379674,8.288761357625994,false,false,false
19GY4101,38.94697083,-122.99053983,500725.992,4.310877988e6,576.22,-23.767,4.533,979935.588,0.3,3.56,9.158669401183953,8.22217092094441,false,false,false
19GY4102,38.94218383,-123.01388067,498703.223,4.310346833e6,514.38,-23.855,3.655,979946.179,0.3,4.55,8.268472499862217,5.8862864816716325,false,false,false
19GY4103,38.94520383,-123.02949183,497350.397,4.310682278e6,348.61,-24.321,3.009,979979.984,0.5,2.95,7.365996684828708,3.973301445472842,false,false,false
19GY4104,38.94932067,-123.03943167,496489.198,4.311139442e6,274.78,-25.131,2.159,979994.035,0.45,2.88,6.313423711966305,2.2514682713663596,false,false,false
19GY4105,38.95453917,-123.04778133,495765.955,4.311718876e6,245.13,-26.182,1.128,980000.009,0.03,2.11,5.087023802690162,0.44748089413031167,false,false,false
19GY4106,38.96035617,-123.05541283,495105.081,4.312364753e6,238.44,-27.201,0.169,980000.831,0.03,2.09,3.924609520825797,-1.2600347101309062,false,false,false
19GY4107,38.944752,-123.06089083,494629.297,4.310633489e6,332.61,-25.595,0.865,979982.507,0.03,2.24,5.109273577164849,-0.5996710386396984,false,false,false
19GY4108,38.94867533,-123.07747533,493192.429,4.311069944e6,248.74,-24.247,1.983,980000.92,0.03,1.91,6.005293784400063,-1.0253261021212445,false,false,false
19GY4109,38.96856317,-123.07401717,493493.895,4.313276616e6,169.34,-31.065,-3.835,980011.342,0.01,1.94,-0.3850181078293602,-7.022047666780249,false,false,false
19GY4110,38.96096117,-123.06698583,494102.417,4.312432563e6,179.41,-29.411,-2.311,980010.386,0.01,1.91,1.3649230099332144,-4.731785197236995,false,false,false
19GY4111,39.00094317,-123.08225383,492783.577,4.316870401e6,257.29,-28.217,0.183,979998.462,0.01,3.35,2.728790804288078,-4.512391840733333,false,false,false
19GY4112,39.00538833,-123.06303267,494448.338,4.317362349e6,435.07,-27.753,1.307,979963.696,0.1,4.23,3.860944654039315,-1.7622435795238616,false,false,false
19GY4113,39.0003595,-123.11658617,489810.552,4.316808878e6,158.02,-25.435,1.955,980021.814,0.02,2.12,4.435895095808206,-5.968472955944016,false,false,false
19GY4114,38.88539567,-123.05310083,495300.555,4.304046442e6,135.8,-22.621,1.379,980017.384,0.1,3.54,7.3699394394189355,1.69600778393621,false,false,false
19GY4115,38.87448667,-123.04425117,496067.532,4.302835495e6,130.86,-21.412,2.268,980017.834,0.08,4.3,8.678556977935362,3.5124179055589195,false,false,false
19GY4116,38.854149,-123.03019317,497286.274,4.300578197e6,118.0,-19.761,3.279,980019.4,0.25,5.1,10.439610810648528,5.952265466895117,false,false,false
19GY4117,38.84530533,-123.01760517,498378.367,4.299596562e6,136.08,-18.754,4.156,980016.424,0.1,4.77,11.69601118601695,7.878672474325015,false,false,false
19GY4118,38.82842783,-122.99706233,500161.184,4.29772359e6,163.16,-21.748,0.772,980007.4,0.18,4.02,9.069978165371726,6.167061431431311,false,false,false
19GY4119,38.8839845,-122.88882,509549.429,4.303894382e6,807.58,-32.751,-5.201,979875.576,0.05,3.76,2.3268840583056516,4.644451039934232,false,false,false
19GY4120,38.8178925,-122.96205867,503200.089,4.296555209e6,209.72,-24.112,-1.322,979994.321,0.04,4.71,7.626365829444712,6.260925215473414,false,false,false
19GY4121,38.81697933,-122.94011117,505105.543,4.296454898e6,203.77,-25.642,-2.372,979994.482,0.02,4.1,6.765042663845282,6.273148641701649,false,false,false
19GY4122,38.81247583,-122.92945133,506031.382,4.295955825e6,217.28,-26.125,-2.845,979991.292,0.09,3.77,6.541722698007916,6.331773509120666,false,false,false
19GY4123,38.82640667,-122.91913867,506925.383,4.297502412e6,251.38,-28.646,-4.386,979980.87,0.21,6.24,4.565264202832061,4.984463543825392,false,false,false
19GY4124,38.83040517,-122.900336,508557.072,4.297947721e6,261.68,-32.756,-7.866,979973.55,0.08,7.79,1.1048051876754457,2.1339494763845863,false,false,false
19GY4125,38.72269183,-122.97633283,501963.6,4.285990875e6,77.4,-19.819,-2.579,980019.341,0.03,1.42,9.945965958522734,5.637655305416473,false,false,false
19GY4126,38.73425017,-122.98195267,501474.808,4.287273323e6,108.45,-20.449,-2.669,980013.738,0.04,1.35,9.326447949562656,5.071140365655374,false,false,false
19GY4127,38.74577367,-122.98720233,501018.344,4.288551941e6,144.94,-21.624,-3.334,980006.654,0.06,1.15,8.172966515527126,3.963409030967334,false,false,false
19GY4128,38.75725083,-122.98937067,500829.76,4.289825473e6,110.6,-23.407,-4.517,980012.701,0.02,1.04,6.506797479109224,2.4772205525157354,false,false,false
19GY4129,38.76694117,-122.99450717,500383.389,4.290900718e6,93.69,-23.327,-4.027,980016.769,0.01,1.21,6.58247999275013,2.520795531974912,false,false,false
19GY4130,38.78215717,-122.98560083,501156.884,4.292589242e6,87.68,-22.828,-2.478,980018.855,0.04,2.14,7.603370805540461,4.355485566480056,false,false,false
19GY4131,38.806295,-122.98992917,500780.634,4.295267651e6,97.99,-21.407,0.153,980018.954,0.01,3.58,9.277384844916554,6.328113641455371,false,false,false
19GY4132,38.81511533,-123.00109883,499810.786,4.296246356e6,92.0,-19.521,2.229,980023.939,0.0,2.43,10.957391348208677,7.576659851804557,false,false,false
19GY4133,38.771813,-123.02084133,498095.666,4.291441511e6,175.95,-22.099,-3.159,980002.341,0.05,1.23,7.068535592183867,1.6161028215516033,false,false,false
19GY4134,38.77273983,-123.01013667,499025.608,4.291544199e6,156.57,-22.689,-3.449,980005.418,0.07,1.43,6.826841025475719,2.0338185449282022,false,false,false
19GY4135,38.81128333,-123.0206065,498117.053,4.295821337e6,109.34,-18.837,2.243,980021.648,0.0,1.68,10.972542980709509,6.360741382836093,false,false,false
19GY4136,38.80927167,-123.02837633,497442.378,4.295598293e6,153.13,-18.266,2.504,980012.939,0.22,2.23,11.269332737319601,6.125412244587892,false,false,false
19GY4137,38.82644917,-123.0352795,496843.738,4.297504614e6,111.76,-15.739,5.771,980024.333,0.0,2.96,13.857785250048526,8.574084035004496,false,false,false
19GY4138,39.0659515,-122.48455967,544498.977,4.324207555e6,818.21,-43.196,-10.026,979879.324,0.03,3.58,7.355125688701641,-2.763419092870784,false,false,false
19GY4139,39.081127,-122.48017117,544869.015,4.325893765e6,941.12,-43.873,-10.563,979853.413,0.05,6.1,7.055020890075852,-3.3003311607893835,false,false,false
19GY4140,39.06612817,-122.50669417,542583.917,4.324216537e6,644.18,-44.517,-10.587,979912.557,0.1,3.09,5.348777236902727,-2.678878171010311,false,false,false
19GY4141,39.08186867,-122.532186,540369.523,4.325951623e6,457.04,-43.811,-8.641,979952.4,0.03,1.94,5.51209698697572,-0.12294536837648451,false,false,false
19GY4142,39.05406617,-122.49148667,543907.067,4.322885251e6,829.65,-44.948,-11.838,979873.491,0.2,4.37,5.199382991826546,-4.411649537405019,false,false,false
19GY4143,39.049376,-122.46809883,545933.838,4.322376354e6,767.93,-46.242,-13.882,979883.84,0.05,4.39,4.55838199205261,-7.454631199298305,false,false,false
19GY4144,39.03578717,-122.45609617,546981.502,4.320874531e6,671.41,-46.225,-14.485,979903.257,0.03,2.67,4.733512366789313,-8.765031204416708,false,false,false
19GY4145,39.02752533,-122.49833567,543330.674,4.3199367e6,694.32,-43.599,-10.889,979900.171,0.05,3.17,5.914671321054868,-3.4467424651893452,false,false,false
19GY4146,39.040974,-122.49724683,543416.678,4.321429629e6,741.49,-44.692,-11.712,979891.37,0.05,2.84,5.068732177075184,-4.1849681479052805,false,false,false
19GY4147,39.03393717,-122.51279317,542075.404,4.320641425e6,641.56,-45.332,-12.062,979909.575,0.03,2.92,3.8336580094340604,-4.091426998068471,false,false,false
19GY4148,39.02746833,-122.56578083,537492.569,4.31990035e6,331.42,-49.534,-15.094,979965.826,0.02,2.53,-2.1188598021167024,-5.801491420102089,false,false,false
19GY4149,39.03577367,-122.55311133,538584.729,4.320827307e6,354.42,-51.22,-16.81,979958.88,0.04,4.03,-3.279010176948894,-7.802664323021681,false,false,false
18GY2026,38.76902367,-122.74928933,521686.688,4.291161627e6,759.87,-37.077,-13.047,979869.91,0.03,4.28,0.5086166623255437,0.034027832091673815,false,false,false
18GY2001,38.7784925,-122.74348467,522188.023,4.292213734e6,836.77,-37.48,-12.92,979853.605,0.04,5.97,0.4377503006230441,0.10553390959059072,false,false,false
18GY2002,38.78103417,-122.74475467,522076.919,4.292495462e6,912.87,-37.632,-12.992,979837.223,0.2,7.53,0.28671693045279767,0.06257342460124704,false,false,false
18GY2003,38.777504,-122.74770433,521821.79,4.292103025e6,806.36,-37.956,-13.486,979859.533,0.05,5.43,-0.1855976231221561,-0.4419882058157256,false,false,false
18GY2004,38.77777567,-122.74976267,521642.91,4.29213268e6,813.18,-38.412,-13.952,979857.706,0.13,5.49,-0.701440480559036,-0.9002979877593944,false,false,false
18GY2005,38.7750455,-122.75248767,521407.024,4.291829083e6,737.22,-38.447,-14.127,979872.994,0.03,4.79,-0.8649885342760086,-1.082029517283118,false,false,false
18GY2006,38.77850217,-122.76499883,520319.221,4.292209786e6,714.81,-37.31,-12.96,979877.92,0.04,5.69,-0.06288491285388176,0.08393889131377819,false,false,false
18GY2007,38.780619,-122.76156217,520617.13,4.292445453e6,809.52,-38.424,-13.964,979858.522,0.02,5.63,-1.0359368033161473,-0.8937419787836518,false,false,false
18GY2008,38.77799567,-122.75528083,521163.513,4.292155796e6,852.23,-38.214,-13.834,979849.931,0.01,5.84,-0.6719814820301266,-0.7384199970901335,false,false,false
18GY2009,38.78320083,-122.76280717,520508.245,4.292731665e6,799.01,-38.498,-13.908,979860.392,0.05,5.97,-1.1075251189820463,-0.8656877102974647,false,false,false
18GY2010,38.78621583,-122.7746835,519475.867,4.293063617e6,608.9,-40.346,-15.666,979895.833,0.0,6.14,-3.2776094371523072,-2.741272835834039,false,false,false
18GY2011,38.78821583,-122.77777517,519206.803,4.293284891e6,604.25,-40.424,-15.664,979897.23,0.01,5.75,-3.4200354169532616,-2.780541249753597,false,false,false
18GY2012,38.791126,-122.78262817,518784.544,4.293606805e6,643.05,-39.956,-15.136,979890.656,0.04,5.46,-3.056813935503257,-2.269219398318164,false,false,false
18GY2013,38.79319267,-122.7854165,518541.844,4.293835562e6,675.24,-39.684,-14.824,979884.854,0.02,5.42,-2.838703262216413,-1.9592150555034706,false,false,false
18GY2014,38.7956745,-122.77871333,519123.32,4.294112347e6,815.01,-38.605,-13.585,979857.606,0.04,6.62,-1.5111263253165106,-0.6509416966616186,false,false,false
18GY2015,38.796478,-122.77286867,519630.665,4.294202752e6,896.89,-38.142,-13.042,979840.725,0.2,8.01,-0.8531230264812137,-0.05832475397991743,false,false,false
18GY2016,38.79641633,-122.76241567,520538.44,4.294198215e6,975.3,-38.102,-12.902,979826.32,0.03,7.1,-0.4882952368364002,0.12170070947828293,false,false,false
18GY2017,38.794448,-122.75928083,520811.251,4.293980511e6,975.29,-37.656,-12.526,979827.103,0.01,6.59,0.02399128905273784,0.5171799362004847,false,false,false
18GY2018,38.79874667,-122.75861917,520867.453,4.294457666e6,974.0,-38.656,-13.296,979825.566,0.02,7.76,-0.8867500292092316,-0.28676253424404763,false,false,false
18GY2019,38.80262333,-122.7582275,520900.328,4.294887931e6,1091.97,-38.394,-12.894,979799.75,0.42,11.08,-0.5506464722102606,0.1484990913428561,false,false,false
18GY2020,38.7915345,-122.76356383,520440.132,4.293656243e6,935.3,-37.189,-12.239,979834.512,0.13,7.22,0.31096129787560756,0.8058261485089204,false,false,false
18GY2021,38.788141,-122.76708717,520135.097,4.293278897e6,884.45,-38.166,-13.416,979842.539,0.03,7.87,-0.8300615111403644,-0.366429159853098,false,false,false
18GY2022,38.78593933,-122.75894233,520843.136,4.293036421e6,1007.7,-37.394,-12.724,979816.588,0.06,10.27,0.16068927404989353,0.40448150054686494,false,false,false
18GY2023,38.772534,-122.74000133,522492.478,4.291553402e6,940.37,-36.986,-12.766,979832.885,0.04,6.38,0.9452761527148255,0.34123586767344705,false,false,false
18GY2024,38.77062217,-122.747856,521810.72,4.291339346e6,774.04,-37.757,-13.637,979866.639,0.06,4.24,-0.10117196706892884,-0.5617493982022808,false,false,false
18GY2025,38.76547683,-122.75095917,521542.692,4.290767656e6,826.28,-36.348,-12.578,979856.491,0.16,5.12,1.1289269387882968,0.5852576596218668,false,false,false
18GY2027,38.7755225,-122.73266017,523129.242,4.291886859e6,989.02,-36.132,-11.672,979823.598,0.07,7.26,2.075884653952258,1.3575220361155544,false,false,false
18GY2028,38.781681,-122.73826483,522640.425,4.29256883e6,1020.98,-37.169,-12.479,979816.367,0.03,7.74,0.9623893868027338,0.5876917527735728,false,false,false
18GY2029,38.78457933,-122.74101483,522400.65,4.292889764e6,1083.97,-37.405,-12.625,979802.242,0.05,9.55,0.6868990065443512,0.4716449399678666,false,false,false
18GY2030,38.78874617,-122.743438,522188.886,4.293351546e6,1095.21,-37.53,-12.57,979801.013,0.06,8.82,0.5528513369473558,0.522166610681829,false,false,false
18GY2031,38.78964633,-122.743083,522219.437,4.293451519e6,1094.72,-37.841,-12.831,979800.678,0.08,9.02,0.26728476202242746,0.2537427068265501,false,false,false
18GY2032,38.7931515,-122.742713,522250.478,4.293840562e6,1117.11,-37.775,-12.605,979795.798,0.04,9.89,0.40076046858761316,0.4790298608397947,false,false,false
18GY2033,38.791008,-122.74666617,521907.82,4.293601749e6,1148.28,-37.194,-12.194,979789.014,0.2,10.96,0.8243118567920433,0.9391538161759172,false,false,false
18GY2034,38.78884783,-122.75056433,521569.924,4.293361114e6,1141.92,-37.169,-12.319,979790.305,0.02,10.75,0.6933067875273551,0.838175702306728,false,false,false
18GY2035,38.78772283,-122.74679783,521897.395,4.293237177e6,1195.61,-37.199,-12.399,979776.058,0.05,14.35,0.7627722504832306,0.7857486135523502,false,false,false
18GY2036,38.78751633,-122.73891317,522582.262,4.293216188e6,1031.93,-37.089,-12.109,979814.948,0.03,7.61,1.1152930684713027,0.930727671154834,false,false,false
18GY2037,38.79077817,-122.73371683,523032.525,4.293579441e6,935.29,-36.972,-11.692,979835.174,0.02,6.71,1.446346605849861,1.2140004922711043,false,false,false
18GY2038,38.79472,-122.73474017,522942.381,4.294016589e6,1024.31,-37.893,-12.483,979814.933,0.02,8.95,0.5563382856000061,0.46715471636643,false,false,false
18GY2039,38.8134705,-122.7696255,519907.556,4.296089039e6,1085.41,-39.53,-13.63,979803.816,0.02,8.12,-1.8686483490019512,-0.6693401506684964,false,false,false
18GY2040,38.8142305,-122.76351917,520437.497,4.296174727e6,1126.7,-40.361,-14.361,979793.966,0.1,9.12,-2.497226373063903,-1.3838306948158774,false,false,false
18GY2041,38.81295383,-122.75600767,521090.026,4.296034774e6,1227.01,-42.61,-16.66,979769.533,0.02,11.54,-4.532530218078122,-3.599295128238815,false,false,false
18GY2042,38.80740033,-122.75319933,521335.515,4.295419181e6,1283.38,-42.325,-16.645,979757.002,0.03,12.82,-4.248667126441703,-3.5245455514401414,false,false,false
18GY2043,38.80973217,-122.75106783,521519.886,4.295678437e6,1256.01,-43.131,-17.281,979763.325,0.03,11.26,-4.9510118953212086,-4.210543482473966,false,false,false
18GY2044,38.80908367,-122.74845967,521746.539,4.295607095e6,1305.14,-43.991,-18.181,979750.911,0.05,13.13,-5.7400775269769255,-5.076528815998053,false,false,false
18GY2045,38.81266717,-122.75177283,521457.789,4.296003955e6,1228.6,-43.155,-17.155,979769.091,0.04,11.1,-4.950131494720637,-4.114964288027018,false,false,false
18GY2046,38.81288383,-122.74765967,521814.837,4.296028974e6,1247.83,-44.592,-18.552,979763.346,0.06,11.66,-6.255487530081737,-5.507700549433082,false,false,false
18GY2047,38.81129567,-122.74268483,522247.258,4.295853947e6,1349.9,-46.258,-20.298,979737.327,0.04,15.87,-7.791791461870275,-7.206878846560556,false,false,false
18GY2048,38.80786067,-122.73427017,522978.959,4.29547487e6,1428.92,-46.465,-20.635,979715.567,0.02,21.63,-7.791340808311361,-7.521891392318253,false,false,false
18GY2049,38.81582067,-122.74714133,521858.938,4.296354987e6,1193.03,-44.462,-18.232,979775.571,0.02,10.56,-6.062457891309954,-5.248088505707862,false,false,false
18GY2050,38.81917267,-122.74608317,521949.773,4.2967272e6,1118.92,-44.491,-18.041,979791.896,0.07,9.02,-6.004980426183145,-5.126486905819952,false,false,false
18GY2051,38.82289617,-122.74532817,522014.166,4.297140564e6,1047.29,-43.647,-16.967,979808.417,0.05,7.7,-5.0780238209715876,-4.119578902919933,false,false,false
18GY2052,38.82598117,-122.750583,521557.061,4.297481636e6,916.9,-41.5,-14.65,979838.706,0.04,5.36,-3.045521764216076,-1.886972656406364,false,false,false
18GY2053,38.82098917,-122.75341783,521312.475,4.296927026e6,954.79,-41.253,-14.693,979830.014,0.08,6.44,-2.9665439424879594,-1.8758691761100224,false,false,false
18GY2054,38.81807417,-122.75621433,521070.568,4.296602909e6,1038.91,-41.083,-14.743,979811.546,0.12,8.35,-2.93022279308812,-1.8573858239922174,false,false,false
18GY2055,38.81651733,-122.75907417,520822.745,4.296429495e6,1059.72,-40.847,-14.647,979807.84,0.05,8.08,-2.8081962203216833,-1.7189010425331972,false,false,false
18GY2056,38.81480383,-122.77458867,519476.283,4.296235919e6,1061.7,-37.64,-11.72,979811.368,0.04,7.22,-0.11200938582408071,1.1994655957438312,false,false,false
18GY2057,38.81461867,-122.7804485,518967.584,4.296214134e6,1085.65,-38.206,-12.386,979803.955,0.08,9.36,-0.8635597916630573,0.5244539379693975,false,false,false
18GY2058,38.81248367,-122.78689983,518408.034,4.295975897e6,1059.39,-38.858,-13.218,979808.367,0.04,9.25,-1.750692124393332,-0.3404395755298637,false,false,false
18GY2059,38.8123785,-122.79236133,517933.88,4.295963135e6,1022.72,-39.411,-13.841,979815.806,0.03,8.43,-2.4755495187675294,-1.0125892127499299,false,false,false
18GY2060,38.81321183,-122.79615283,517604.486,4.296054865e6,976.58,-39.704,-14.124,979825.7,0.02,7.35,-2.873369082696634,-1.3561984751820546,false,false,false
18GY2061,38.81719367,-122.812804,516157.902,4.296493621e6,950.45,-40.606,-15.076,979828.105,0.1,9.51,-4.230499311978527,-2.523599355828445,false,false,false
18GY2062,38.81953033,-122.81576717,515900.127,4.296752388e6,936.02,-41.526,-15.926,979831.367,0.03,8.36,-5.20544740712009,-3.43470212200112,false,false,false
18GY2063,38.81940367,-122.823162,515258.18,4.296737065e6,902.88,-41.166,-15.676,979838.543,0.02,8.02,-5.077838296846295,-3.3058705424308243,false,false,false
18GY2064,38.81993367,-122.82665017,514955.247,4.296795296e6,879.66,-41.153,-15.673,979843.898,0.02,7.27,-5.165021933779691,-3.3842493648258056,false,false,false
18GY2065,38.82601883,-122.84688783,513197.218,4.297467404e6,836.22,-39.163,-13.713,979854.227,0.02,7.97,-3.708024670460226,-1.884775792120898,false,false,false
18GY2066,38.82588367,-122.85085767,512852.637,4.297451836e6,775.55,-38.641,-13.241,979867.88,0.05,6.7,-3.311829755116925,-1.5267317941765697,false,false,false
18GY2067,38.82962883,-122.85122767,512819.842,4.297867368e6,718.31,-39.635,-14.015,979879.496,0.2,5.62,-4.257406143417732,-2.3911187527411784,false,false,false
18GY2068,38.83166733,-122.84608967,513265.447,4.298094311e6,687.45,-40.295,-14.455,979885.334,0.2,5.34,-4.724764795134767,-2.7669888866935963,false,false,false
18GY2069,38.8331475,-122.84139483,513672.67,4.298259256e6,644.96,-40.979,-14.939,979893.822,0.02,4.61,-5.238864699862347,-3.2130904684432195,false,false,false
18GY2070,38.83276583,-122.83714167,514041.908,4.298217553e6,580.15,-42.024,-15.894,979905.419,0.02,4.61,-6.157513463395439,-4.114722082132914,false,false,false
18GY2071,38.83379267,-122.83181683,514503.882,4.298332335e6,551.07,-42.825,-16.525,979910.175,0.05,4.83,-6.7762474748301,-4.686098690182909,false,false,false
18GY2072,38.837526,-122.83518333,514210.934,4.298746076e6,607.92,-42.523,-16.123,979900.139,0.1,4.38,-6.519361736232099,-4.3598176349807645,false,false,false
18GY2073,38.83947617,-122.83539,514192.607,4.298962446e6,647.66,-42.456,-15.986,979892.676,0.02,4.31,-6.427595622547528,-4.225847323109164,false,false,false
18GY2074,38.84080467,-122.83027367,514636.377,4.299110677e6,713.99,-43.401,-16.811,979879.082,0.03,4.1,-7.192012235524885,-4.939364172014038,false,false,false
18GY2075,38.84354633,-122.82800533,514832.669,4.299415277e6,758.82,-43.36,-16.62,979870.625,0.01,4.07,-7.0365154384804285,-4.71641040067793,false,false,false
18GY2076,38.84788317,-122.83166017,514514.598,4.299895929e6,740.16,-42.797,-15.887,979874.252,0.05,5.04,-6.517946756471943,-4.116239580153369,false,false,false
18GY2077,38.84924817,-122.83554017,514177.622,4.300046785e6,687.27,-42.406,-15.466,979885.141,0.02,5.01,-6.225921526825211,-3.8132810149413316,false,false,false
18GY2078,38.84770817,-122.84296817,513533.331,4.299874762e6,703.99,-42.012,-15.292,979882.368,0.02,4.77,-6.087848040228238,-3.755884095933318,false,false,false
18GY2079,38.84514783,-122.85040617,512888.33,4.299589568e6,598.29,-41.132,-14.622,979904.026,0.04,4.44,-5.480419909890998,-3.2676206386639848,false,false,false
18GY2080,38.8427495,-122.85458933,512525.728,4.299322848e6,523.02,-40.532,-14.172,979918.764,0.05,4.81,-5.0490613175457355,-2.9309884909930375,false,false,false
18GY2081,38.84055267,-122.85935917,512112.15,4.299078426e6,446.12,-39.646,-13.446,979931.841,0.3,7.46,-4.346750827356736,-2.331811269062733,false,false,false
18GY2082,38.83860417,-122.862639,511827.824,4.298861775e6,435.97,-38.888,-12.848,979934.851,0.27,7.02,-3.7220745942176308,-1.7914293388983111,false,false,false
18GY2083,38.83741917,-122.86948383,511233.945,4.29872941e6,444.39,-37.431,-11.591,979935.777,0.1,5.8,-2.4971820166365646,-0.6915320446457542,false,false,false
18GY2084,38.836089,-122.87261867,510962.072,4.298581422e6,395.71,-36.38,-10.66,979944.396,0.6,7.63,-1.5650961299264452,0.16177390385298196,false,false,false
18GY2085,38.83207883,-122.87294867,510934.049,4.298136389e6,378.54,-36.513,-11.003,979948.915,0.21,5.98,-1.7725988699569797,-0.1372610631982667,false,false,false
18GY2086,38.828512,-122.87624017,510648.887,4.297740201e6,394.74,-36.125,-10.875,979946.771,0.23,5.03,-1.5442250922420442,-0.04244210219354727,false,false,false
18GY2087,38.829122,-122.88014667,510309.703,4.297807438e6,444.6,-35.857,-10.687,979937.597,0.23,4.78,-1.3881022545975554,0.0561950412620007,false,false,false
18GY2088,38.83122533,-122.8816,510183.249,4.298040671e6,524.03,-36.135,-10.935,979922.375,0.02,4.38,-1.67766303250648,-0.2156128028612585,false,false,false
18GY2089,38.83379383,-122.88124,510214.126,4.298325728e6,567.06,-35.776,-10.456,979914.877,0.03,4.05,-1.2663066305324762,0.2575010204109205,false,false,false
18GY2090,38.82699517,-122.88200483,510148.716,4.297571222e6,353.34,-34.857,-9.797,979955.587,0.24,5.44,-0.4800361670709776,0.8827343425487939,false,false,false
18GY2091,38.82680183,-122.88785133,509641.239,4.297549129e6,304.39,-34.138,-9.188,979965.235,0.1,6.06,0.05380696984524036,1.2944511477583518,false,false,false
18GY2092,38.82443667,-122.88368483,510003.245,4.297287129e6,269.26,-34.335,-9.395,979970.313,0.08,7.44,-0.05134090314088979,1.2227031539823656,false,false,false
18GY2093,38.84268633,-122.82430033,515154.39,4.299320458e6,790.14,-43.074,-16.334,979864.217,0.03,4.56,-6.648894433108545,-4.339577952811787,false,false,false
18GY2094,38.84050967,-122.82031383,515500.836,4.299079595e6,858.37,-43.467,-16.807,979849.248,0.05,5.59,-6.952560066906983,-4.687931999336719,false,false,false
18GY2095,38.84052283,-122.81521233,515943.584,4.299081939e6,902.2,-43.166,-16.446,979840.892,0.03,5.67,-6.492472228718917,-4.230113634935101,false,false,false
18GY2096,38.8374495,-122.81421917,516030.472,4.298741078e6,909.86,-42.696,-16.126,979838.251,0.05,7.01,-6.04068591472916,-3.849643185729178,false,false,false
18GY2097,38.83792783,-122.80866267,516512.621,4.298795152e6,925.9,-42.748,-16.078,979836.562,0.01,5.55,-5.911978593787595,-3.724236554770968,false,false,false
18GY2098,38.83492433,-122.80677267,516677.361,4.29846221e6,862.71,-42.768,-16.178,979848.585,0.16,5.61,-5.9211313346837,-3.8100203483685533,false,false,false
18GY2099,38.832826,-122.80468617,516858.957,4.298229752e6,789.28,-43.191,-16.631,979863.567,0.01,4.39,-6.312687016275412,-4.260034907869034,false,false,false
18GY2100,38.83016417,-122.80978583,516416.933,4.297933445e6,679.86,-43.516,-17.096,979884.435,0.04,4.37,-6.839090516410145,-4.82845096912758,false,false,false
18GY2101,38.82745417,-122.80726933,516636.002,4.297633185e6,679.11,-43.299,-16.979,979884.749,0.03,4.18,-6.587030064767546,-4.65020387270183,false,false,false
18GY2102,38.82855417,-122.79788133,517450.65,4.297757008e6,862.47,-43.333,-16.933,979847.684,0.02,5.43,-6.311002545650183,-4.400622579931252,false,false,false
18GY2103,38.82409417,-122.79216483,517947.984,4.297263213e6,853.22,-43.153,-16.893,979849.98,0.03,4.73,-6.024199578412279,-4.2685158910815275,false,false,false
18GY2104,38.82571733,-122.80338933,516973.217,4.297441172e6,706.57,-43.27,-17.0,979879.373,0.02,4.06,-6.464930451669986,-4.588523516804749,false,false,false
18GY2105,38.82343233,-122.80777267,516593.249,4.297186806e6,675.49,-43.08,-16.99,979883.801,0.02,5.7,-6.448009225342034,-4.605940273936994,false,false,false
18GY2106,38.80117317,-122.77119717,519774.517,4.294724115e6,771.55,-38.42,-12.98,979867.031,0.03,6.37,-1.0040344943248343,-0.10751866417501077,false,false,false
18GY2107,38.80830667,-122.79116633,518038.665,4.295511538e6,981.65,-39.262,-13.862,979824.106,0.13,7.96,-2.3543843108264113,-1.0079777966617272,false,false,false
18GY2108,38.80438317,-122.79157467,518004.202,4.295076084e6,915.96,-39.192,-13.972,979837.1,0.03,7.55,-2.3598087823451337,-1.1121145415065712,false,false,false
18GY2109,38.80470983,-122.7866465,518432.041,4.295113319e6,846.66,-39.246,-13.886,979852.259,0.18,5.93,-2.2550132678199404,-1.0506394263676953,false,false,false
18GY2110,38.80577833,-122.78238167,518802.082,4.295232759e6,861.09,-38.368,-12.908,979850.487,0.06,5.85,-1.227035448257304,-0.04539270724391997,false,false,false
18GY2111,38.80493333,-122.77660017,519304.322,4.295140203e6,866.87,-38.003,-12.493,979849.546,0.04,5.95,-0.695361169805615,0.385543248434864,false,false,false
18GY2112,38.80566833,-122.77863517,519127.422,4.295221333e6,889.85,-38.458,-12.958,979844.008,0.09,6.6,-1.2020388655017342,-0.0727890810951024,false,false,false
18GY2113,38.80186633,-122.79048133,518099.779,4.294797019e6,882.53,-39.426,-14.306,979842.107,0.1,8.63,-2.599956967419139,-1.429772005764569,false,false,false
18GY2114,38.80652667,-122.79024983,518118.695,4.295314202e6,942.46,-38.943,-13.603,979832.871,0.03,7.03,-2.0352699340276104,-0.7444538128953866,false,false,false
18GY2115,38.8105935,-122.79443633,517754.168,4.295764654e6,999.31,-39.609,-14.149,979819.654,0.09,8.81,-2.7667320885569566,-1.3309540749891582,false,false,false
18GY2116,38.80770667,-122.79508967,517698.16,4.295444188e6,917.02,-39.245,-13.905,979837.313,0.03,7.37,-2.4692276274009757,-1.1024030585748932,false,false,false
18GY2117,38.81244517,-122.80333267,516981.304,4.295968427e6,856.62,-40.163,-14.673,979849.736,0.04,6.27,-3.5683314657003535,-2.020636772657099,false,false,false
18GY2118,38.815057,-122.79733617,517501.293,4.296259388e6,963.55,-40.299,-14.649,979827.639,0.07,7.53,-3.4757477007220885,-1.9024831091912375,false,false,false
18GY2119,38.81547517,-122.81511733,515957.452,4.296302518e6,853.31,-40.494,-15.044,979849.82,0.05,6.77,-4.218048970542824,-2.547992496231153,false,false,false
18GY2120,38.81950683,-122.82951833,514706.341,4.296747463e6,893.63,-40.178,-14.788,979840.071,0.03,9.3,-4.286195523865501,-2.5217663992804873,false,false,false
18GY2121,38.82249867,-122.8381765,513954.104,4.297078089e6,866.58,-39.713,-14.313,979846.204,0.05,9.19,-4.043026665229959,-2.242135339105559,false,false,false
18GY2122,38.82446533,-122.84137967,513675.658,4.297295834e6,870.28,-39.811,-14.361,979845.306,0.08,9.44,-4.209327695703394,-2.381515553432635,false,false,false
18GY2123,38.821822,-122.833325,514375.401,4.297003759e6,826.93,-40.484,-15.004,979855.964,0.06,6.36,-4.673734984264172,-2.8664228783845473,false,false,false
18GY2124,38.81343867,-122.78278833,518764.752,4.296082709e6,1080.75,-38.114,-12.384,979804.642,0.03,9.62,-0.8633202369698125,0.5237507035234614,false,false,false
18GY2125,38.79842317,-122.77443033,519494.515,4.294418263e6,776.49,-38.274,-13.014,979866.507,0.02,5.83,-1.0027270413128448,-0.13016314325967215,false,false,false
18GY2126,38.80047817,-122.76863717,519997.013,4.294647554e6,826.54,-37.979,-12.559,979856.91,0.02,6.11,-0.49434650654129797,0.3405298117078672,false,false,false
19GY2183,38.84749883,-122.73891867,522562.773,4.299872198e6,850.02,-51.324,-23.274,979845.734,0.03,3.5,-12.162691413188043,-10.741168654386186,false,false,false
19GY2184,38.84882417,-122.7275675,523547.388,4.300022143e6,947.74,-50.537,-22.387,979826.319,0.06,4.69,-11.000938518705446,-9.851090744780471,false,false,false
19GY2245,38.74987533,-122.82841633,514816.504,4.289020975e6,648.84,-23.162,-1.472,979902.395,0.04,5.74,11.6502608502119,11.541498362842383,false,false,false
19GY2246,38.7583025,-122.82432317,515170.398,4.289956767e6,695.77,-26.591,-4.361,979889.84,0.03,6.43,8.48368303019334,8.623106120321353,false,false,false
19GY2127,38.94410017,-122.65227183,530041.136,4.310616873e6,419.83,-33.432,-0.952,979957.345,0.08,2.46,9.966866426175386,10.23782421815153,false,false,false
19GY2128,38.93774333,-122.65446483,529853.759,4.309910741e6,451.44,-35.127,-2.877,979948.699,0.04,2.67,8.102411434668007,8.361122445745842,false,false,false
19GY2129,38.92942467,-122.6561815,529708.455,4.308987071e6,564.61,-38.334,-6.464,979923.46,0.02,1.84,4.7095353506473,4.890347393242436,false,false,false
19GY2130,38.92497617,-122.65936783,529434.107,4.308492393e6,556.76,-39.21,-7.49,979923.855,0.02,1.71,3.6635220086272113,3.90901442817497,false,false,false
19GY2131,38.91989933,-122.66264933,529151.731,4.307927968e6,560.41,-42.008,-10.488,979919.355,0.03,2.25,0.6825286094404746,0.9803816705726405,false,false,false
19GY2132,38.909659,-122.648335,530397.051,4.306796307e6,536.38,-40.374,-9.264,979925.563,0.03,1.47,2.5991403232995154,1.9788673044486558,false,false,false
19GY2133,38.90834367,-122.67135567,528401.581,4.306642905e6,643.71,-41.869,-10.829,979902.521,0.06,1.91,0.3664422720545488,0.8215954115739095,false,false,false
19GY2134,38.906442,-122.6797835,527671.578,4.306429282e6,649.05,-43.949,-12.979,979899.499,0.02,1.64,-2.0062414953449377,-1.2281142102022287,false,false,false
19GY2135,38.89683133,-122.696631,526214.305,4.305357817e6,748.65,-47.92,-17.44,979874.254,0.02,2.58,-6.654932642888774,-5.418019285926569,false,false,false
19GY2136,38.89108433,-122.70983183,525071.556,4.304716364e6,816.19,-50.829,-20.669,979857.32,0.02,2.88,-10.066570954876163,-8.492711073825653,false,false,false
19GY2137,38.88953917,-122.72611967,523659.475,4.304540536e6,788.81,-52.796,-22.756,979860.654,0.0,2.8,-12.565341490799817,-10.530666753600464,false,false,false
19GY2138,38.87666533,-122.72700933,523586.589,4.303111731e6,797.46,-53.95,-24.48,979856.48,0.02,2.99,-13.952411648432253,-12.170495243978529,false,false,false
19GY2139,38.86375483,-122.71755317,524411.291,4.301681588e6,854.38,-53.739,-24.809,979844.181,0.01,3.22,-13.652843271960464,-12.444513951885533,false,false,false
19GY2140,38.85382767,-122.72194783,524033.363,4.300578834e6,869.5,-48.177,-19.727,979846.087,0.02,3.04,-8.386064343024849,-7.279434227768853,false,false,false
19GY2141,38.85568767,-122.7360105,522812.517,4.300781611e6,865.8,-49.242,-20.802,979845.31,0.04,3.64,-9.859432987988988,-8.315793923300554,false,false,false
19GY2142,38.85767767,-122.747265,521835.353,4.300999671e6,813.46,-49.754,-21.294,979855.848,0.08,3.01,-10.69021540264913,-8.831212906434104,false,false,false
19GY2143,38.85775583,-122.75420467,521233.192,4.301006701e6,761.16,-49.542,-21.122,979866.76,0.05,2.55,-10.693103497082603,-8.686503596459268,false,false,false
19GY2144,38.853089,-122.75969783,520757.927,4.300487571e6,700.21,-45.758,-17.558,979881.967,0.02,2.64,-7.154697541358381,-5.150412721018149,false,false,false
19GY2145,38.91253317,-122.758775,520820.571,4.307084129e6,721.88,-53.07,-22.24,979876.399,0.01,1.91,-13.488843592877501,-10.275422881107453,false,false,false
19GY2146,38.9182285,-122.74749217,521797.052,4.307718774e6,641.7,-50.924,-19.724,979894.713,0.02,1.93,-10.900807085424226,-7.7941041493192955,false,false,false
19GY2147,38.9255405,-122.74295567,522188.052,4.30853127e6,595.73,-48.729,-17.149,979906.925,0.01,1.55,-8.44793766882163,-5.3063313257066795,false,false,false
19GY2148,38.93866767,-122.73802617,522611.18,4.309989183e6,567.22,-47.046,-14.886,979915.464,0.02,1.43,-6.4020716359789205,-3.1462027237415455,false,false,false
19GY2149,38.94965817,-122.73194483,523134.658,4.311210313e6,570.96,-43.488,-10.858,979918.933,0.03,1.76,-2.4795186303763828,0.8112003578496569,false,false,false
19GY2150,38.9541285,-122.72574017,523670.834,4.311707978e6,528.98,-40.111,-7.251,979930.834,0.01,1.84,1.1618063790830249,4.366841357040109,false,false,false
19GY2151,38.95599867,-122.71590883,524522.076,4.311918118e6,536.89,-38.573,-5.613,979931.111,0.04,1.72,3.0354562293374414,5.999457530138059,false,false,false
19GY2152,38.9618855,-122.70881267,525134.856,4.312573312e6,509.32,-39.381,-6.161,979936.104,0.03,1.83,2.5420630284236765,5.384454307544544,false,false,false
19GY2153,38.94517633,-122.733923,522964.69,4.310712468e6,554.17,-44.656,-12.196,979920.852,0.03,1.56,-3.780564957305451,-0.5137416124027041,false,false,false
19GY2154,38.94217117,-122.78563583,518483.983,4.31036718e6,551.51,-48.536,-16.576,979916.877,0.02,1.91,-9.317141901689126,-5.2877085078690484,false,false,false
19GY2155,38.94371267,-122.79771717,517436.577,4.310535845e6,543.42,-47.777,-15.887,979919.334,0.01,1.93,-8.909263730492718,-4.788657431449778,false,false,false
19GY2156,38.94269767,-122.80839333,516511.587,4.310421213e6,515.65,-46.793,-15.043,979925.928,0.02,1.66,-8.273523485964631,-4.1446388111354935,false,false,false
19GY2157,38.94481283,-122.81417817,516009.771,4.310654891e6,514.98,-46.064,-14.284,979927.195,0.02,1.44,-7.69060675446422,-3.5349986045403625,false,false,false
19GY2158,38.94729117,-122.82070283,515443.793,4.310928775e6,498.28,-44.802,-12.992,979931.992,0.03,1.39,-6.591872345146221,-2.4187527264785444,false,false,false
19GY2159,38.94972633,-122.82490433,515079.179,4.311198293e6,490.9,-43.009,-11.149,979935.502,0.02,1.33,-4.890570729688626,-0.7030488537312607,false,false,false
19GY2160,38.95685667,-122.82635617,514951.861,4.311989294e6,497.13,-43.054,-10.914,979934.8,0.03,1.4,-4.866658633044381,-0.59631357965646,false,false,false
19GY2161,38.96569533,-122.82768617,514834.766,4.312969888e6,448.54,-41.934,-9.394,979946.25,0.04,1.35,-3.6466219189741267,0.7216014360930672,false,false,false
19GY2162,38.971579,-122.82865783,514749.357,4.313622633e6,432.64,-41.61,-8.83,979950.324,0.0,1.23,-3.258707145554112,1.1697274960248052,false,false,false
19GY2163,38.97350233,-122.83183767,514473.498,4.313835549e6,425.2,-40.431,-7.591,979953.247,0.0,1.11,-2.147779994808758,2.278661692031811,false,false,false
19GY2164,38.97470583,-122.83728917,514001.014,4.313968242e6,424.12,-38.504,-5.694,979955.581,0.01,1.02,-0.37097206583274556,4.021303224071751,false,false,false
19GY2165,38.97864267,-122.84652533,513200.195,4.31440372e6,434.99,-37.057,-4.207,979955.381,0.01,0.89,0.8519635272958368,5.182998254771547,false,false,false
19GY2166,38.96172183,-122.82715433,514881.679,4.312529042e6,462.88,-41.883,-9.523,979943.067,0.03,1.43,-3.642649765732301,0.682153883949205,false,false,false
19GY2167,38.93803083,-122.81342133,516076.9,4.309902439e6,532.77,-47.48,-16.0,979921.591,0.0,1.55,-9.191516631310321,-5.130176442897898,false,false,false
19GY2168,38.9316805,-122.80758667,516584.076,4.309198806e6,551.82,-50.371,-19.111,979914.303,0.0,1.66,-12.002576052027536,-8.034716565986585,false,false,false
19GY2169,38.92620367,-122.80455167,516848.445,4.308591613e6,550.09,-49.984,-18.924,979913.865,0.04,2.34,-11.60872690240403,-7.729606636370683,false,false,false
19GY2170,38.91793167,-122.80306833,516979.009,4.307673964e6,628.21,-49.572,-18.902,979897.757,0.02,2.85,-11.282817823145251,-7.539501474384757,false,false,false
19GY2171,38.84878217,-122.75570117,521106.008,4.300010577e6,715.24,-45.824,-17.804,979878.66,0.02,2.56,-7.164976270739302,-5.337397287621997,false,false,false
19GY2172,38.834025,-122.73662867,522765.809,4.298377627e6,727.85,-44.565,-17.055,979874.888,0.03,3.82,-5.5473541016335375,-4.518924617309246,false,false,false
19GY2173,38.82870483,-122.72798233,523518.037,4.297789467e6,754.1,-43.87,-16.56,979869.137,0.0,4.66,-4.66782535560985,-4.014966846588976,false,false,false
19GY2174,38.82790833,-122.71973433,524234.257,4.297703246e6,784.81,-45.494,-18.174,979862.014,0.05,4.08,-6.04751052671088,-5.665580026492542,false,false,false
19GY2175,38.82318633,-122.71975433,524234.128,4.297179259e6,766.67,-43.03,-15.93,979866.88,0.0,4.81,-3.6594468734564245,-3.402770427546727,false,false,false
19GY2176,38.81473783,-122.710753,525018.496,4.296244197e6,788.17,-42.305,-15.545,979863.012,0.01,4.45,-2.788636769697405,-3.062677574003679,false,false,false
19GY2177,38.80879933,-122.70872967,525196.261,4.295585784e6,777.77,-40.333,-13.843,979865.855,0.06,5.09,-0.8482579867912747,-1.3606411041198925,false,false,false
19GY2178,38.80352083,-122.709823,525103.189,4.29499975e6,839.94,-39.082,-12.892,979853.163,0.06,6.4,0.2844943399333175,-0.34011634210188646,false,false,false
19GY2179,38.802109,-122.7121295,524903.401,4.294842452e6,804.68,-39.567,-13.437,979859.743,0.05,6.11,-0.2949219106555816,-0.8792930326026465,false,false,false
19GY2180,38.81658483,-122.69519867,526368.236,4.296453539e6,964.71,-44.624,-17.774,979825.572,0.01,5.18,-4.593364847910806,-5.3948507102543175,false,false,false
19GY2181,38.820218,-122.71740617,524438.989,4.296850503e6,777.13,-42.218,-15.248,979865.243,0.0,4.95,-2.8216078672422995,-2.7206582561448087,false,false,false
19GY2182,38.83398033,-122.7170645,524463.922,4.298377747e6,918.38,-49.33,-21.77,979832.213,0.01,4.44,-9.703474253383519,-9.24748834461942,false,false,false
19GY2185,38.85087433,-122.71854783,524329.399,4.300252015e6,907.8,-47.843,-19.513,979837.943,0.04,3.76,-7.993253783372381,-7.063033182693303,false,false,false
19GY2186,38.89850767,-122.74196717,522282.226,4.305531741e6,744.44,-55.215,-24.865,979867.08,0.0,3.43,-15.334599188052842,-12.71816369772668,false,false,false
19GY2187,38.9090215,-122.73837733,522590.184,4.306699322e6,715.44,-51.656,-20.816,979877.763,0.0,2.91,-11.496077002368843,-8.75814381431416,false,false,false
19GY2188,38.9108885,-122.71782683,524371.377,4.306911809e6,599.55,-48.743,-17.653,979904.619,0.0,1.8,-7.913651081153077,-5.685418100331972,false,false,false
19GY2189,38.91298533,-122.71177217,524895.599,4.307146131e6,601.71,-48.305,-17.115,979904.95,0.02,1.67,-7.253752704469072,-5.170323416195387,false,false,false
19GY2190,38.91955717,-122.72036333,524148.506,4.307873075e6,588.55,-46.681,-15.241,979909.399,0.02,2.0,-5.792339917501664,-3.324927102297117,false,false,false
19GY2191,38.93690717,-122.90231467,508372.674,4.309765737e6,466.83,-27.199,2.751,979954.935,0.0,1.28,8.307315925333182,11.033584894595702,false,false,false
19GY2192,38.94783767,-122.90148817,508442.997,4.310978751e6,438.64,-24.59,5.89,979964.021,0.01,1.28,11.117213667667773,13.992174689188925,false,false,false
19GY2193,38.9902,-122.68612233,527089.94,4.315721873e6,430.64,-33.519,0.851,979959.782,0.02,1.9,9.561075498746611,12.039292895215397,false,false,false
19GY2194,38.83067767,-122.80363933,516950.333,4.297991555e6,726.61,-43.356,-16.846,979875.524,0.06,4.34,-6.479422485100926,-4.482818577732189,false,false,false
19GY2195,38.84496633,-122.82588217,515016.627,4.299573198e6,788.57,-43.14,-16.31,979864.919,0.04,4.3,-6.727684841821336,-4.371184989540694,false,false,false
19GY2196,38.84915167,-122.82583717,515019.646,4.300037637e6,886.13,-43.265,-16.275,979845.081,0.04,5.29,-6.784336735558988,-4.336877007020448,false,false,false
19GY2197,38.85142017,-122.82088733,515448.689,4.300290195e6,963.51,-41.926,-14.796,979831.083,0.01,5.68,-5.254923859812465,-2.751072890220186,false,false,false
19GY2198,38.85496183,-122.82290717,515272.655,4.300682859e6,996.45,-40.721,-13.471,979824.641,0.04,7.19,-4.056170951917146,-1.4792191846643306,false,false,false
19GY2199,38.84928167,-122.81812417,515688.935,4.300053367e6,981.65,-42.972,-15.912,979825.396,0.02,6.58,-6.249083359855334,-3.7905436274610196,false,false,false
19GY2200,38.85167017,-122.82606717,514999.155,4.300317068e6,923.66,-42.43,-15.34,979838.492,0.02,5.59,-5.916213277487145,-3.415344841799879,false,false,false
19GY2201,38.8470915,-122.82536533,515061.029,4.299809106e6,847.89,-43.292,-16.382,979852.846,0.06,4.8,-6.8295973675691,-4.4256648285006435,false,false,false
19GY2202,38.83934967,-122.82505867,515089.286,4.298950075e6,766.44,-43.245,-16.665,979868.208,0.07,4.74,-6.896880944193555,-4.663103033671497,false,false,false
19GY2203,38.83551933,-122.8199555,515533.026,4.298525898e6,751.97,-43.223,-16.753,979870.483,0.03,4.98,-6.777211318269416,-4.62552591146077,false,false,false
19GY2204,38.83234433,-122.81183417,516238.638,4.298175001e6,729.55,-43.463,-17.003,979874.499,0.06,4.83,-6.815033571710956,-4.7471332954989265,false,false,false
19GY2205,38.83404933,-122.816989,515790.828,4.298363289e6,767.79,-43.458,-17.018,979866.983,0.03,5.02,-6.943326785233658,-4.8267294867968005,false,false,false
19GY2206,38.83860117,-122.82133383,515412.726,4.298867643e6,776.72,-43.231,-16.631,979866.115,0.05,4.77,-6.778849553089266,-4.5575872906867545,false,false,false
19GY2207,38.835671,-122.82459033,515130.717,4.298541945e6,661.85,-43.53,-17.07,979888.4,0.03,4.4,-7.226136050903143,-5.074556031108514,false,false,false
19GY2208,38.83781117,-122.82631867,514980.255,4.298779145e6,706.73,-43.358,-16.848,979880.101,0.04,4.28,-7.073730405896335,-4.876895871698402,false,false,false
19GY2209,38.835916,-122.83243333,514449.94,4.298567854e6,580.48,-43.303,-16.923,979904.733,0.04,4.23,-7.239477816113187,-5.103779871320562,false,false,false
19GY2210,38.83054917,-122.82829517,514810.226,4.297972985e6,580.37,-42.525,-16.355,979904.309,0.12,4.98,-6.4184524874867535,-4.391477537756522,false,false,false
19GY2211,38.82858567,-122.83196833,514491.795,4.297754511e6,712.81,-42.575,-16.645,979878.04,0.06,5.12,-6.61426871224846,-4.643831932784423,false,false,false
19GY2212,38.82739883,-122.83561667,514175.346,4.297622236e6,749.72,-41.988,-16.208,979871.771,0.02,4.65,-6.159889911246424,-4.2320516977162725,false,false,false
19GY2213,38.82626383,-122.83901483,513880.593,4.297495765e6,769.84,-41.084,-15.434,979868.448,0.03,4.84,-5.379891352650553,-3.4960508983872103,false,false,false
19GY2214,38.82300517,-122.852291,512728.731,4.297132218e6,718.78,-39.096,-13.846,979877.678,0.04,7.3,-3.857547466338481,-2.1521506955409535,false,false,false
19GY2215,38.82389367,-122.85557583,512443.421,4.297230356e6,658.41,-39.189,-13.919,979890.594,0.05,6.18,-4.038632523311243,-2.3468749353224396,false,false,false
19GY2216,38.82089183,-122.8552625,512471.148,4.296897297e6,591.91,-38.924,-13.774,979904.37,0.05,5.41,-3.811928547661374,-2.185695539890183,false,false,false
19GY2217,38.81792333,-122.85566083,512437.089,4.296567841e6,508.68,-38.765,-13.735,979920.772,0.05,5.18,-3.712856260000315,-2.1597776845046965,false,false,false
19GY2218,38.819305,-122.85945233,512107.691,4.296720646e6,467.11,-38.299,-13.249,979928.937,0.08,5.73,-3.342831642771202,-1.8006974339581276,false,false,false
19GY2219,38.84640133,-122.85754267,512268.789,4.299727674e6,565.03,-39.947,-13.487,979911.007,0.03,5.26,-4.497555643489804,-2.33694592338599,false,false,false
19GY2220,38.84918133,-122.85818433,512212.626,4.300036073e6,602.88,-40.251,-13.691,979903.277,0.08,5.53,-4.777026972308022,-2.5666847679660094,false,false,false
19GY2221,38.82486517,-122.8754785,510715.554,4.297335617e6,298.28,-35.711,-10.591,979964.574,0.05,6.17,-1.1649181966021303,0.2698169586218455,false,false,false
19GY2222,38.82251333,-122.8740285,510841.784,4.297074815e6,300.56,-35.63,-10.61,979963.812,0.07,6.36,-1.076430608272517,0.33036962410891846,false,false,false
19GY2223,38.82192017,-122.86970533,511217.173,4.297009521e6,298.29,-36.457,-11.387,979962.706,0.07,7.03,-1.7782906481632637,-0.31592753381922023,false,false,false
19GY2224,38.82085167,-122.86680217,511469.372,4.296891318e6,328.7,-36.764,-11.704,979957.332,0.06,6.06,-2.0119836736523524,-0.530930910229408,false,false,false
19GY2225,38.82282517,-122.86415067,511699.229,4.297110647e6,385.76,-37.665,-12.475,979945.664,0.06,5.85,-2.7988020365839787,-1.2360096072765216,false,false,false
19GY2226,38.82134833,-122.86119067,511956.434,4.296947155e6,428.55,-37.969,-12.819,979936.876,0.06,5.84,-3.0342594459927525,-1.4664685762464273,false,false,false
19GY2227,38.82425683,-122.87846333,510456.539,4.297267763e6,279.9,-34.988,-9.958,979967.815,0.05,7.19,-0.5446160745506035,0.8240884288190315,false,false,false
19GY2228,38.827251,-122.77533033,519408.497,4.297616972e6,970.46,-41.639,-15.049,979827.823,0.04,5.73,-3.935293527902253,-2.2967956850200153,false,false,false
19GY2229,38.82878633,-122.74698633,521868.412,4.297793772e6,874.33,-42.282,-15.222,979846.514,0.04,5.35,-3.670678834081393,-2.5211954444058264,false,false,false
19GY2230,38.83323983,-122.74311167,522203.354,4.298288898e6,770.03,-43.13,-15.74,979868.061,0.03,3.76,-4.326874484020948,-3.1554584571287805,false,false,false
19GY2231,38.83022783,-122.77425717,519500.836,4.297947528e6,941.56,-42.579,-15.809,979833.424,0.02,5.11,-4.794310067270601,-3.0974820987745773,false,false,false
19GY2232,38.83123283,-122.76952733,519911.109,4.298060074e6,916.74,-42.524,-15.624,979838.997,0.05,4.54,-4.575905440018282,-2.9260459767070586,false,false,false
19GY2233,38.83554317,-122.76253267,520517.0,4.29853993e6,803.55,-42.728,-15.458,979862.977,0.03,2.89,-4.493163264316131,-2.8556237045088437,false,false,false
19GY2234,38.83177967,-122.76390917,520398.607,4.298122e6,881.78,-42.175,-15.155,979846.557,0.02,4.22,-4.0431430013737994,-2.4739751742597704,false,false,false
19GY2235,38.8338595,-122.7920715,517953.62,4.298346851e6,948.64,-42.815,-16.115,979831.653,0.02,5.58,-5.52723330117459,-3.5357693380388326,false,false,false
19GY2236,38.83774967,-122.78685833,518405.098,4.298779571e6,942.41,-41.07,-14.1,979835.392,0.06,5.15,-3.5576830770016556,-1.5235155433958312,false,false,false
19GY2237,38.84212983,-122.78288683,518748.636,4.299266432e6,861.02,-42.215,-14.915,979851.995,0.01,3.72,-4.508993647239379,-2.414874161287173,false,false,false
19GY2238,38.84091817,-122.77842717,519136.0,4.299132908e6,778.5,-42.718,-15.368,979868.274,0.02,2.98,-4.892441910745006,-2.880789406504995,false,false,false
19GY2239,38.8395465,-122.7851985,518548.689,4.298979296e6,888.04,-40.606,-13.486,979847.597,0.06,4.21,-3.0132716069311414,-0.9541671299570709,false,false,false
19GY2240,38.83687467,-122.79060167,518080.429,4.298681724e6,943.96,-42.104,-15.224,979834.087,0.04,5.04,-4.7222652999736425,-2.672455040910549,false,false,false
19GY2241,38.77799683,-122.814177,516047.541,4.292143886e6,806.45,-35.176,-11.696,979862.029,0.05,5.74,0.529949599663361,1.2111753059936632,false,false,false
19GY2242,38.77616333,-122.82146183,515415.147,4.291939171e6,822.86,-34.117,-10.887,979859.165,0.06,6.29,1.3325539357384386,1.9796001731846786,false,false,false
19GY2243,38.73132683,-122.82665667,514973.312,4.286963043e6,606.86,-22.058,-1.398,979910.603,0.04,5.21,12.512430292771455,11.833361960369643,false,false,false
19GY2244,38.74140183,-122.831483,514551.746,4.288080224e6,609.96,-23.225,-2.065,979910.179,0.04,4.75,11.356080373771931,10.989534485577252,false,false,false
19GY2247,38.76442783,-122.81540517,515943.895,4.290637987e6,571.31,-31.328,-8.528,979910.298,0.02,6.12,4.122684691197758,4.421677992241111,false,false,false
19GY2248,38.768043,-122.81120033,516308.386,4.291039889e6,726.35,-33.068,-10.068,979879.411,0.03,5.26,2.571582085876635,2.958143936276983,false,false,false
19GY2249,38.7873205,-122.82374517,515214.416,4.293176843e6,756.93,-36.735,-12.895,979871.343,0.02,5.38,-1.1781641126045344,-0.22429040987797322,false,false,false
19GY2250,38.79377417,-122.82658167,514966.7,4.293892505e6,725.06,-37.45,-13.28,979877.954,0.03,4.86,-1.8783325054116418,-0.7542506901492914,false,false,false
19GY2251,38.798761,-122.82111683,515440.212,4.294446784e6,623.86,-38.497,-13.887,979896.773,0.03,5.23,-2.6752763029440345,-1.420434706252614,false,false,false
19GY2252,38.76388333,-122.75253733,521406.06,4.290590461e6,875.35,-35.695,-12.065,979846.969,0.05,5.55,1.7072737000911928,1.151382457038288,false,false,false
19GY2253,38.76063317,-122.75362083,521312.895,4.290229554e6,939.65,-35.01,-11.6,979834.141,0.04,6.19,2.306598278675388,1.6747974388027558,false,false,false
19GY2254,38.76071983,-122.756669,521048.028,4.290238462e6,980.07,-35.028,-11.688,979824.637,0.03,7.77,2.194919747362569,1.634390947959524,false,false,false
19GY2255,38.76821183,-122.76066717,520698.472,4.291068894e6,867.84,-36.127,-12.367,979848.38,0.06,5.56,1.0908587499904456,0.8454284759905306,false,false,false
19GY2256,38.77100017,-122.76159383,520617.161,4.291378092e6,839.21,-36.307,-12.397,979854.589,0.07,5.02,0.92648626654141,0.784103215325942,false,false,false
19GY2257,38.76785833,-122.766397,520200.787,4.291028382e6,922.31,-35.703,-12.073,979836.88,0.05,6.79,1.3305451709737568,1.1869801151470796,false,false,false
19GY2258,38.76144883,-122.72380367,523903.297,4.29032746e6,931.04,-35.535,-11.685,979836.123,0.03,5.44,2.7245730206731267,1.2941444348086506,false,false,false
19GY2259,38.76581217,-122.7286385,523481.79,4.290810381e6,1012.13,-36.255,-12.275,979817.583,0.05,7.77,1.923383101893151,0.7837098534209019,false,false,false
19GY2260,38.77006567,-122.72629367,523684.095,4.291282977e6,1018.93,-34.888,-10.668,979816.443,0.07,9.32,3.431367073770872,2.352340529035807,false,false,false
